-- phpMyAdmin SQL Dump
-- version 5.1.0
-- https://www.phpmyadmin.net/
--
-- Anamakine: 127.0.0.1
-- Üretim Zamanı: 21 Haz 2021, 00:06:30
-- Sunucu sürümü: 10.4.19-MariaDB
-- PHP Sürümü: 8.0.6

SET SQL_MODE = "NO_AUTO_VALUE_ON_ZERO";
START TRANSACTION;
SET time_zone = "+00:00";


/*!40101 SET @OLD_CHARACTER_SET_CLIENT=@@CHARACTER_SET_CLIENT */;
/*!40101 SET @OLD_CHARACTER_SET_RESULTS=@@CHARACTER_SET_RESULTS */;
/*!40101 SET @OLD_COLLATION_CONNECTION=@@COLLATION_CONNECTION */;
/*!40101 SET NAMES utf8mb4 */;

--
-- Veritabanı: `autoservice_db`
--

-- --------------------------------------------------------

--
-- Tablo için tablo yapısı `cars`
--

CREATE TABLE `cars` (
  `id` int(11) NOT NULL,
  `brand` varchar(50) NOT NULL
) ENGINE=InnoDB DEFAULT CHARSET=utf8;

--
-- Tablo döküm verisi `cars`
--

INSERT INTO `cars` (`id`, `brand`) VALUES
(5, 'Audi'),
(8, 'BMW'),
(12, 'Chevrolet'),
(14, 'Citroën'),
(25, 'Ford'),
(27, 'GMC'),
(30, 'Honda'),
(32, 'Hyundai'),
(34, 'Isuzu'),
(35, 'Jaguar'),
(36, 'Jeep'),
(38, 'Kia'),
(46, 'Mazda'),
(48, 'Mercedes-Benz'),
(52, 'MINI'),
(53, 'Mitsubishi'),
(55, 'Nissan'),
(58, 'Peugeot'),
(61, 'Porsche'),
(64, 'Renault'),
(75, 'Suzuki'),
(76, 'Tesla'),
(77, 'Toyota'),
(78, 'Volkswagen'),
(79, 'Volvo');

-- --------------------------------------------------------

--
-- Tablo için tablo yapısı `models`
--

CREATE TABLE `models` (
  `id` int(11) NOT NULL,
  `model` varchar(50) NOT NULL,
  `carId` int(11) NOT NULL,
  `year` int(4) NOT NULL
) ENGINE=InnoDB DEFAULT CHARSET=utf8;

--
-- Tablo döküm verisi `models`
--

INSERT INTO `models` (`id`, `model`, `carId`, `year`) VALUES
(1, 'Model T', 25, 1909),
(3, '2CV', 14, 1948),
(5, 'Corvette', 12, 1953),
(7, 'Corvette', 12, 1954),
(8, 'Corvette', 12, 1955),
(9, 'Thunderbird', 25, 1955),
(10, 'Corvette', 12, 1956),
(11, '600', 8, 1957),
(12, 'Corvette', 12, 1957),
(13, '600', 8, 1958),
(14, 'Corvette', 12, 1958),
(15, 'Thunderbird', 25, 1958),
(17, '600', 8, 1959),
(18, 'Corvette', 12, 1959),
(19, 'Corvair', 12, 1960),
(20, 'Corvette', 12, 1960),
(24, 'Corvette', 12, 1961),
(28, 'Corvette', 12, 1962),
(33, 'Corvair 500', 12, 1963),
(34, 'Corvette', 12, 1963),
(35, 'E-Series', 25, 1963),
(40, 'Corvette', 12, 1964),
(41, 'Galaxie', 25, 1964),
(42, 'Mustang', 25, 1964),
(49, 'Corvette', 12, 1965),
(50, 'Fairlane', 25, 1965),
(51, 'Mustang', 25, 1965),
(52, 'Thunderbird', 25, 1965),
(58, 'Beetle', 78, 1965),
(59, 'Corvette', 12, 1966),
(60, 'Fairlane', 25, 1966),
(61, 'Falcon', 25, 1966),
(62, 'Galaxie', 25, 1966),
(63, 'Mustang', 25, 1966),
(71, 'Bel Air', 12, 1967),
(72, 'Camaro', 12, 1967),
(73, 'Corvette', 12, 1967),
(74, 'Country', 25, 1967),
(75, 'Fairlane', 25, 1967),
(76, 'Falcon', 25, 1967),
(77, 'Mustang', 25, 1967),
(78, 'Thunderbird', 25, 1967),
(87, 'Beetle', 78, 1967),
(88, 'Camaro', 12, 1968),
(89, 'Corvette', 12, 1968),
(91, 'Mustang', 25, 1968),
(99, 'Camaro', 12, 1969),
(100, 'Corvette', 12, 1969),
(102, 'Mustang', 25, 1969),
(109, 'Camaro', 12, 1970),
(110, 'Corvette', 12, 1970),
(112, 'Mustang', 25, 1970),
(113, 'Torino', 25, 1970),
(117, '914', 61, 1970),
(118, 'Camaro', 12, 1971),
(119, 'Vega', 12, 1971),
(120, 'Mustang', 25, 1971),
(123, 'Camaro', 12, 1972),
(124, 'Corvette', 12, 1972),
(125, 'SM', 14, 1972),
(126, 'Mustang', 25, 1972),
(127, 'Thunderbird', 25, 1972),
(130, 'Camaro', 12, 1973),
(131, 'Corvette', 12, 1973),
(132, 'Monte Carlo', 12, 1973),
(133, 'Mustang', 25, 1973),
(136, 'Camaro', 12, 1974),
(137, 'CX', 14, 1974),
(138, 'Mustang', 25, 1974),
(141, 'Camaro', 12, 1975),
(142, 'Corvette', 12, 1975),
(143, 'Monza', 12, 1975),
(145, 'Camaro', 12, 1976),
(149, 'Celica', 77, 1976),
(150, 'Golf', 78, 1976),
(151, 'Camaro', 12, 1977),
(152, 'Caprice', 12, 1977),
(153, 'Thunderbird', 25, 1977),
(154, 'W123', 48, 1977),
(157, 'Camaro', 12, 1978),
(158, 'Corvette', 12, 1978),
(162, 'Celica', 77, 1978),
(164, 'Camaro', 12, 1979),
(165, 'LUV', 12, 1979),
(166, 'Mustang', 25, 1979),
(167, '280ZX', 55, 1979),
(169, 'Camaro', 12, 1980),
(170, 'Citation', 12, 1980),
(171, 'Mustang', 25, 1980),
(172, 'Thunderbird', 25, 1980),
(173, 'Civic', 30, 1980),
(175, 'Camaro', 12, 1981),
(177, 'W126', 48, 1981),
(180, 'Camaro', 12, 1982),
(182, 'Celica', 77, 1982),
(183, 'Caprice', 12, 1983),
(184, 'Mustang', 25, 1983),
(185, 'Thunderbird', 25, 1983),
(186, 'Accord', 30, 1983),
(187, '626', 46, 1983),
(188, 'RX-7', 46, 1983),
(189, 'W126', 48, 1983),
(193, '944', 61, 1983),
(194, 'Alliance', 64, 1983),
(195, 'Celica', 77, 1983),
(196, 'Golf', 78, 1983),
(197, '5000S', 5, 1984),
(201, 'Corvette', 12, 1984),
(203, 'Bronco', 25, 1984),
(204, 'Bronco II', 25, 1984),
(205, 'E150', 25, 1984),
(206, 'E250', 25, 1984),
(207, 'Escort', 25, 1984),
(208, 'EXP', 25, 1984),
(209, 'F150', 25, 1984),
(210, 'F250', 25, 1984),
(211, 'Laser', 25, 1984),
(212, 'LTD', 25, 1984),
(213, 'LTD Crown Victoria', 25, 1984),
(214, 'Mustang', 25, 1984),
(215, 'Ranger', 25, 1984),
(216, 'Tempo', 25, 1984),
(217, 'Thunderbird', 25, 1984),
(218, 'Accord', 30, 1984),
(219, 'CR-X', 30, 1984),
(220, 'Prelude', 30, 1984),
(227, '626', 46, 1984),
(228, 'GLC', 46, 1984),
(229, 'RX-7', 46, 1984),
(230, 'E-Class', 48, 1984),
(231, 'S-Class', 48, 1984),
(232, 'SL-Class', 48, 1984),
(233, 'W201', 48, 1984),
(240, 'Cordia', 53, 1984),
(241, 'Galant', 53, 1984),
(242, 'Mirage', 53, 1984),
(243, 'Pajero', 53, 1984),
(244, 'Space', 53, 1984),
(245, 'Starion', 53, 1984),
(246, 'Tredia', 53, 1984),
(256, '944', 61, 1984),
(259, 'SJ 410', 75, 1984),
(260, 'Celica', 77, 1984),
(261, 'Golf', 78, 1984),
(262, 'Jetta', 78, 1984),
(263, 'Quantum', 78, 1984),
(264, 'Scirocco', 78, 1984),
(265, 'Vanagon', 78, 1984),
(266, '4000s', 5, 1985),
(267, '5000S', 5, 1985),
(268, 'Coupe GT', 5, 1985),
(269, 'Quattro', 5, 1985),
(278, 'Camaro', 12, 1985),
(279, 'Corvette', 12, 1985),
(281, 'Bronco', 25, 1985),
(282, 'Bronco II', 25, 1985),
(283, 'E-Series', 25, 1985),
(284, 'Escort', 25, 1985),
(285, 'EXP', 25, 1985),
(286, 'F-Series', 25, 1985),
(287, 'Laser', 25, 1985),
(288, 'LTD', 25, 1985),
(289, 'LTD Crown Victoria', 25, 1985),
(290, 'Mustang', 25, 1985),
(291, 'Ranger', 25, 1985),
(292, 'Tempo', 25, 1985),
(293, 'Thunderbird', 25, 1985),
(294, 'Accord', 30, 1985),
(295, 'Civic', 30, 1985),
(296, 'CR-X', 30, 1985),
(297, 'Prelude', 30, 1985),
(305, '626', 46, 1985),
(306, 'B2000', 46, 1985),
(307, 'Familia', 46, 1985),
(308, 'RX-7', 46, 1985),
(309, 'E-Class', 48, 1985),
(310, 'S-Class', 48, 1985),
(311, 'SL-Class', 48, 1985),
(312, 'W201', 48, 1985),
(320, 'Chariot', 53, 1985),
(321, 'Cordia', 53, 1985),
(322, 'Galant', 53, 1985),
(323, 'Mirage', 53, 1985),
(324, 'Pajero', 53, 1985),
(325, 'Starion', 53, 1985),
(326, 'Tredia', 53, 1985),
(327, 'Truck', 53, 1985),
(339, '911', 61, 1985),
(340, '928', 61, 1985),
(341, '944', 61, 1985),
(346, 'Cultus', 75, 1985),
(347, 'SJ', 75, 1985),
(348, 'MR2', 77, 1985),
(349, 'Cabriolet', 78, 1985),
(350, 'Golf', 78, 1985),
(351, 'GTI', 78, 1985),
(352, 'Jetta', 78, 1985),
(353, 'Passat', 78, 1985),
(354, 'Scirocco', 78, 1985),
(355, 'Type 2', 78, 1985),
(356, '4000CS Quattro', 5, 1986),
(357, '4000s', 5, 1986),
(358, '4000s Quattro', 5, 1986),
(359, '5000CS Quattro', 5, 1986),
(360, '5000S', 5, 1986),
(361, 'Coupe GT', 5, 1986),
(370, 'Corvette', 12, 1986),
(371, 'Aerostar', 25, 1986),
(372, 'Bronco', 25, 1986),
(373, 'Bronco II', 25, 1986),
(374, 'Courier', 25, 1986),
(375, 'E-Series', 25, 1986),
(376, 'Escort', 25, 1986),
(377, 'EXP', 25, 1986),
(378, 'F-Series', 25, 1986),
(379, 'Laser', 25, 1986),
(380, 'LTD', 25, 1986),
(381, 'LTD Crown Victoria', 25, 1986),
(382, 'Mustang', 25, 1986),
(383, 'Ranger', 25, 1986),
(384, 'Taurus', 25, 1986),
(385, 'Tempo', 25, 1986),
(386, 'Thunderbird', 25, 1986),
(387, 'Accord', 30, 1986),
(388, 'Prelude', 30, 1986),
(397, '626', 46, 1986),
(398, 'B-Series', 46, 1986),
(399, 'Familia', 46, 1986),
(400, 'RX-7', 46, 1986),
(401, 'E-Class', 48, 1986),
(402, 'S-Class', 48, 1986),
(403, 'SL-Class', 48, 1986),
(404, 'W201', 48, 1986),
(412, 'Chariot', 53, 1986),
(413, 'Cordia', 53, 1986),
(414, 'Galant', 53, 1986),
(415, 'Mighty Max', 53, 1986),
(416, 'Mirage', 53, 1986),
(417, 'Pajero', 53, 1986),
(418, 'Precis', 53, 1986),
(419, 'Starion', 53, 1986),
(420, 'Tredia', 53, 1986),
(421, 'Truck', 53, 1986),
(435, '911', 61, 1986),
(436, '928', 61, 1986),
(437, '944', 61, 1986),
(443, 'SJ', 75, 1986),
(444, 'SJ 410', 75, 1986),
(445, 'MR2', 77, 1986),
(446, 'Cabriolet', 78, 1986),
(447, 'Golf', 78, 1986),
(448, 'GTI', 78, 1986),
(449, 'Jetta', 78, 1986),
(450, 'Passat', 78, 1986),
(451, 'Scirocco', 78, 1986),
(452, 'Type 2', 78, 1986),
(454, '4000', 5, 1987),
(455, '4000CS Quattro', 5, 1987),
(456, '5000CS', 5, 1987),
(457, '5000S', 5, 1987),
(458, 'Coupe GT', 5, 1987),
(467, 'Corvette', 12, 1987),
(468, 'Aerostar', 25, 1987),
(469, 'Bronco', 25, 1987),
(470, 'Bronco II', 25, 1987),
(471, 'Courier', 25, 1987),
(472, 'E-Series', 25, 1987),
(473, 'Escort', 25, 1987),
(474, 'EXP', 25, 1987),
(475, 'F-Series', 25, 1987),
(476, 'Laser', 25, 1987),
(477, 'LTD Crown Victoria', 25, 1987),
(478, 'Mustang', 25, 1987),
(479, 'Ranger', 25, 1987),
(480, 'Taurus', 25, 1987),
(481, 'Tempo', 25, 1987),
(482, 'Thunderbird', 25, 1987),
(483, 'Accord', 30, 1987),
(491, '626', 46, 1987),
(492, '929', 46, 1987),
(493, 'B-Series', 46, 1987),
(494, 'B2600', 46, 1987),
(495, 'Familia', 46, 1987),
(496, 'RX-7', 46, 1987),
(497, 'E-Class', 48, 1987),
(498, 'S-Class', 48, 1987),
(499, 'SL-Class', 48, 1987),
(500, 'W201', 48, 1987),
(506, 'Chariot', 53, 1987),
(507, 'Cordia', 53, 1987),
(508, 'Excel', 53, 1987),
(509, 'Galant', 53, 1987),
(510, 'L300', 53, 1987),
(511, 'Mirage', 53, 1987),
(512, 'Pajero', 53, 1987),
(513, 'Starion', 53, 1987),
(514, 'Tredia', 53, 1987),
(515, 'Truck', 53, 1987),
(527, '911', 61, 1987),
(528, '924 S', 61, 1987),
(529, '928', 61, 1987),
(530, '944', 61, 1987),
(537, 'SJ', 75, 1987),
(538, 'Swift', 75, 1987),
(539, 'MR2', 77, 1987),
(540, 'Cabriolet', 78, 1987),
(541, 'Fox', 78, 1987),
(542, 'Golf', 78, 1987),
(543, 'GTI', 78, 1987),
(544, 'Jetta', 78, 1987),
(545, 'Passat', 78, 1987),
(546, 'Scirocco', 78, 1987),
(547, 'Type 2', 78, 1987),
(550, '5000CS', 5, 1988),
(551, '5000S', 5, 1988),
(552, '80/90', 5, 1988),
(553, '90', 5, 1988),
(562, 'Corvette', 12, 1988),
(563, 'Aerostar', 25, 1988),
(564, 'Bronco', 25, 1988),
(565, 'Bronco II', 25, 1988),
(566, 'Courier', 25, 1988),
(567, 'E-Series', 25, 1988),
(568, 'Escort', 25, 1988),
(569, 'EXP', 25, 1988),
(570, 'F-Series', 25, 1988),
(571, 'Festiva', 25, 1988),
(572, 'Laser', 25, 1988),
(573, 'LTD Crown Victoria', 25, 1988),
(574, 'Mustang', 25, 1988),
(575, 'Ranger', 25, 1988),
(576, 'Taurus', 25, 1988),
(577, 'Tempo', 25, 1988),
(578, 'Thunderbird', 25, 1988),
(579, 'Accord', 30, 1988),
(580, 'Civic', 30, 1988),
(581, 'CR-X', 30, 1988),
(588, '626', 46, 1988),
(589, '929', 46, 1988),
(590, 'B-Series', 46, 1988),
(591, 'Familia', 46, 1988),
(592, 'MX-6', 46, 1988),
(593, 'RX-7', 46, 1988),
(594, 'E-Class', 48, 1988),
(595, 'S-Class', 48, 1988),
(596, 'SL-Class', 48, 1988),
(597, 'W201', 48, 1988),
(603, 'Chariot', 53, 1988),
(604, 'Cordia', 53, 1988),
(605, 'Excel', 53, 1988),
(606, 'Galant', 53, 1988),
(607, 'L300', 53, 1988),
(608, 'Mirage', 53, 1988),
(609, 'Pajero', 53, 1988),
(610, 'Starion', 53, 1988),
(611, 'Tredia', 53, 1988),
(612, 'Truck', 53, 1988),
(625, '911', 61, 1988),
(626, '924', 61, 1988),
(627, '928', 61, 1988),
(628, '944', 61, 1988),
(634, 'SJ', 75, 1988),
(635, 'Swift', 75, 1988),
(636, 'Cabriolet', 78, 1988),
(637, 'Fox', 78, 1988),
(638, 'Golf', 78, 1988),
(639, 'GTI', 78, 1988),
(640, 'Jetta', 78, 1988),
(641, 'Passat', 78, 1988),
(642, 'Scirocco', 78, 1988),
(643, 'Type 2', 78, 1988),
(645, '100', 5, 1989),
(646, '200', 5, 1989),
(647, '80', 5, 1989),
(648, '90', 5, 1989),
(649, '6 Series', 8, 1989),
(659, 'Corvette', 12, 1989),
(660, 'CX', 14, 1989),
(662, 'Aerostar', 25, 1989),
(663, 'Bronco', 25, 1989),
(664, 'Bronco II', 25, 1989),
(665, 'Courier', 25, 1989),
(666, 'E-Series', 25, 1989),
(667, 'Escort', 25, 1989),
(668, 'F-Series', 25, 1989),
(669, 'Festiva', 25, 1989),
(670, 'Laser', 25, 1989),
(671, 'LTD Crown Victoria', 25, 1989),
(672, 'Mustang', 25, 1989),
(673, 'Probe', 25, 1989),
(674, 'Ranger', 25, 1989),
(675, 'Taurus', 25, 1989),
(676, 'Tempo', 25, 1989),
(677, 'Thunderbird', 25, 1989),
(678, 'Accord', 30, 1989),
(679, 'Civic', 30, 1989),
(692, '626', 46, 1989),
(693, '929', 46, 1989),
(694, 'B-Series', 46, 1989),
(695, 'B2600', 46, 1989),
(696, 'Familia', 46, 1989),
(697, 'MPV', 46, 1989),
(698, 'MX-6', 46, 1989),
(699, 'RX-7', 46, 1989),
(700, 'E-Class', 48, 1989),
(701, 'S-Class', 48, 1989),
(702, 'SL-Class', 48, 1989),
(703, 'W201', 48, 1989),
(709, 'Chariot', 53, 1989),
(710, 'Eclipse', 53, 1989),
(711, 'Excel', 53, 1989),
(712, 'Galant', 53, 1989),
(713, 'L300', 53, 1989),
(714, 'Mirage', 53, 1989),
(715, 'Pajero', 53, 1989),
(716, 'Sigma', 53, 1989),
(717, 'Starion', 53, 1989),
(718, 'Truck', 53, 1989),
(730, '911', 61, 1989),
(731, '928', 61, 1989),
(732, '944', 61, 1989),
(739, 'Sidekick', 75, 1989),
(740, 'SJ', 75, 1989),
(741, 'Swift', 75, 1989),
(742, 'Truck Xtracab SR5', 77, 1989),
(743, 'Cabriolet', 78, 1989),
(744, 'Fox', 78, 1989),
(745, 'Golf', 78, 1989),
(746, 'GTI', 78, 1989),
(747, 'Jetta', 78, 1989),
(748, 'Type 2', 78, 1989),
(750, '100', 5, 1990),
(751, '200', 5, 1990),
(752, '80', 5, 1990),
(753, '90', 5, 1990),
(754, 'Coupe Quattro', 5, 1990),
(755, 'V8', 5, 1990),
(766, 'Aerostar', 25, 1990),
(767, 'Bronco', 25, 1990),
(768, 'Bronco II', 25, 1990),
(769, 'E-Series', 25, 1990),
(770, 'Escort', 25, 1990),
(771, 'F-Series', 25, 1990),
(772, 'Festiva', 25, 1990),
(773, 'LTD Crown Victoria', 25, 1990),
(774, 'Mustang', 25, 1990),
(775, 'Probe', 25, 1990),
(776, 'Ranger', 25, 1990),
(777, 'Taurus', 25, 1990),
(778, 'Tempo', 25, 1990),
(779, 'Thunderbird', 25, 1990),
(780, 'Accord', 30, 1990),
(781, 'Civic', 30, 1990),
(796, '626', 46, 1990),
(797, '929', 46, 1990),
(798, 'B-Series', 46, 1990),
(799, 'Familia', 46, 1990),
(800, 'MPV', 46, 1990),
(801, 'MX-5', 46, 1990),
(802, 'MX-6', 46, 1990),
(803, 'RX-7', 46, 1990),
(804, 'E-Class', 48, 1990),
(805, 'S-Class', 48, 1990),
(806, 'SL-Class', 48, 1990),
(807, 'W201', 48, 1990),
(812, 'Chariot', 53, 1990),
(813, 'Eclipse', 53, 1990),
(814, 'Galant', 53, 1990),
(815, 'GTO', 53, 1990),
(816, 'L300', 53, 1990),
(817, 'Mirage', 53, 1990),
(818, 'Pajero', 53, 1990),
(819, 'Precis', 53, 1990),
(820, 'Sigma', 53, 1990),
(821, 'Truck', 53, 1990),
(822, 'Datsun/Nissan Z-car', 55, 1990),
(823, 'Maxima', 55, 1990),
(836, '911', 61, 1990),
(837, '928', 61, 1990),
(838, '944', 61, 1990),
(845, 'Sidekick', 75, 1990),
(846, 'SJ', 75, 1990),
(847, 'Swift', 75, 1990),
(848, 'Cabriolet', 78, 1990),
(849, 'Corrado', 78, 1990),
(850, 'Fox', 78, 1990),
(851, 'Golf', 78, 1990),
(852, 'GTI', 78, 1990),
(853, 'Jetta', 78, 1990),
(854, 'Passat', 78, 1990),
(855, 'Type 2', 78, 1990),
(856, '100', 5, 1991),
(857, '200', 5, 1991),
(858, '80', 5, 1991),
(859, '90', 5, 1991),
(860, 'Coupe Quattro', 5, 1991),
(861, 'V8', 5, 1991),
(871, 'Caprice', 12, 1991),
(873, 'Aerostar', 25, 1991),
(874, 'Bronco', 25, 1991),
(875, 'E-Series', 25, 1991),
(876, 'Escort', 25, 1991),
(877, 'Explorer', 25, 1991),
(878, 'F-Series', 25, 1991),
(879, 'Festiva', 25, 1991),
(880, 'LTD Crown Victoria', 25, 1991),
(881, 'Mustang', 25, 1991),
(882, 'Probe', 25, 1991),
(883, 'Ranger', 25, 1991),
(884, 'Taurus', 25, 1991),
(885, 'Tempo', 25, 1991),
(886, 'Thunderbird', 25, 1991),
(887, 'Accord', 30, 1991),
(888, 'Civic', 30, 1991),
(901, '626', 46, 1991),
(902, '929', 46, 1991),
(903, 'B-Series', 46, 1991),
(904, 'Familia', 46, 1991),
(905, 'MPV', 46, 1991),
(906, 'MX-5', 46, 1991),
(907, 'MX-6', 46, 1991),
(908, 'Navajo', 46, 1991),
(909, 'RX-7', 46, 1991),
(910, 'E-Class', 48, 1991),
(911, 'S-Class', 48, 1991),
(912, 'SL-Class', 48, 1991),
(913, 'W201', 48, 1991),
(920, 'Chariot', 53, 1991),
(921, 'Eclipse', 53, 1991),
(922, 'Galant', 53, 1991),
(923, 'GTO', 53, 1991),
(924, 'Mirage', 53, 1991),
(925, 'Pajero', 53, 1991),
(926, 'Truck', 53, 1991),
(927, '300ZX', 55, 1991),
(928, 'Sentra', 55, 1991),
(939, '911', 61, 1991),
(940, '928', 61, 1991),
(941, '944', 61, 1991),
(948, 'Sidekick', 75, 1991),
(949, 'SJ', 75, 1991),
(950, 'Swift', 75, 1991),
(951, 'Previa', 77, 1991),
(952, 'Cabriolet', 78, 1991),
(953, 'Corrado', 78, 1991),
(954, 'Fox', 78, 1991),
(955, 'Golf', 78, 1991),
(956, 'GTI', 78, 1991),
(957, 'Jetta', 78, 1991),
(958, 'Passat', 78, 1991),
(959, 'Type 2', 78, 1991),
(966, '100', 5, 1992),
(967, '80', 5, 1992),
(968, 'Quattro', 5, 1992),
(969, 'S4', 5, 1992),
(970, 'V8', 5, 1992),
(971, '3 Series', 8, 1992),
(972, '5 Series', 8, 1992),
(973, '7 Series', 8, 1992),
(974, '8 Series', 8, 1992),
(975, 'M5', 8, 1992),
(990, '1500', 12, 1992),
(991, '2500', 12, 1992),
(992, '3500', 12, 1992),
(993, 'APV', 12, 1992),
(994, 'Astro', 12, 1992),
(995, 'Beretta', 12, 1992),
(996, 'Blazer', 12, 1992),
(997, 'Camaro', 12, 1992),
(998, 'Caprice', 12, 1992),
(999, 'Cavalier', 12, 1992),
(1000, 'Corsica', 12, 1992),
(1001, 'Corvette', 12, 1992),
(1002, 'G-Series G10', 12, 1992),
(1003, 'G-Series G20', 12, 1992),
(1004, 'G-Series G30', 12, 1992),
(1005, 'Lumina', 12, 1992),
(1006, 'Lumina APV', 12, 1992),
(1007, 'S10', 12, 1992),
(1008, 'S10 Blazer', 12, 1992),
(1009, 'Sportvan G10', 12, 1992),
(1010, 'Sportvan G20', 12, 1992),
(1011, 'Sportvan G30', 12, 1992),
(1012, 'Suburban 1500', 12, 1992),
(1013, 'Suburban 2500', 12, 1992),
(1050, 'Aerostar', 25, 1992),
(1051, 'Bronco', 25, 1992),
(1052, 'Club Wagon', 25, 1992),
(1053, 'Crown Victoria', 25, 1992),
(1054, 'E-Series', 25, 1992),
(1055, 'Econoline E150', 25, 1992),
(1056, 'Econoline E250', 25, 1992),
(1057, 'Econoline E350', 25, 1992),
(1058, 'Escort', 25, 1992),
(1059, 'Explorer', 25, 1992),
(1060, 'F-Series', 25, 1992),
(1061, 'F150', 25, 1992),
(1062, 'F250', 25, 1992),
(1063, 'F350', 25, 1992),
(1064, 'Festiva', 25, 1992),
(1065, 'Mustang', 25, 1992),
(1066, 'Probe', 25, 1992),
(1067, 'Ranger', 25, 1992),
(1068, 'Taurus', 25, 1992),
(1069, 'Tempo', 25, 1992),
(1070, 'Thunderbird', 25, 1992),
(1075, '1500', 27, 1992),
(1076, '1500 Club Coupe', 27, 1992),
(1077, '2500', 27, 1992),
(1078, '2500 Club Coupe', 27, 1992),
(1079, '3500', 27, 1992),
(1080, '3500 Club Coupe', 27, 1992),
(1081, 'Jimmy', 27, 1992),
(1082, 'Rally Wagon 1500', 27, 1992),
(1083, 'Rally Wagon 2500', 27, 1992),
(1084, 'Rally Wagon 3500', 27, 1992),
(1085, 'Safari', 27, 1992),
(1086, 'Sonoma', 27, 1992),
(1087, 'Sonoma Club', 27, 1992),
(1088, 'Suburban 1500', 27, 1992),
(1089, 'Suburban 2500', 27, 1992),
(1090, 'Vandura 1500', 27, 1992),
(1091, 'Vandura 2500', 27, 1992),
(1092, 'Vandura 3500', 27, 1992),
(1093, 'Yukon', 27, 1992),
(1094, 'Accord', 30, 1992),
(1095, 'Civic', 30, 1992),
(1096, 'Prelude', 30, 1992),
(1097, 'Elantra', 32, 1992),
(1098, 'Excel', 32, 1992),
(1099, 'Scoupe', 32, 1992),
(1100, 'Sonata', 32, 1992),
(1104, 'Amigo', 34, 1992),
(1105, 'Impulse', 34, 1992),
(1106, 'Rodeo', 34, 1992),
(1107, 'Space', 34, 1992),
(1108, 'Stylus', 34, 1992),
(1109, 'Trooper', 34, 1992),
(1110, 'XJ Series', 35, 1992),
(1111, 'Cherokee', 36, 1992),
(1112, 'Comanche', 36, 1992),
(1113, 'Wrangler', 36, 1992),
(1126, '323', 46, 1992),
(1127, '626', 46, 1992),
(1128, '929', 46, 1992),
(1129, 'B-Series', 46, 1992),
(1130, 'B-Series Plus', 46, 1992),
(1131, 'Familia', 46, 1992),
(1132, 'Miata MX-5', 46, 1992),
(1133, 'MPV', 46, 1992),
(1134, 'MX-3', 46, 1992),
(1135, 'MX-5', 46, 1992),
(1136, 'MX-6', 46, 1992),
(1137, 'Navajo', 46, 1992),
(1138, 'Protege', 46, 1992),
(1139, 'RX-7', 46, 1992),
(1140, '190E', 48, 1992),
(1141, '300CE', 48, 1992),
(1142, '300D', 48, 1992),
(1143, '300E', 48, 1992),
(1144, '300SD', 48, 1992),
(1145, '300SE', 48, 1992),
(1146, '300SL', 48, 1992),
(1147, '300TE', 48, 1992),
(1148, '400E', 48, 1992),
(1149, '400SE', 48, 1992),
(1150, '500E', 48, 1992),
(1151, '500SEL', 48, 1992),
(1152, '500SL', 48, 1992),
(1153, '600SEL', 48, 1992),
(1154, 'E-Class', 48, 1992),
(1155, 'S-Class', 48, 1992),
(1156, 'SL-Class', 48, 1992),
(1157, 'W201', 48, 1992),
(1164, '3000GT', 53, 1992),
(1165, 'Chariot', 53, 1992),
(1166, 'Diamante', 53, 1992),
(1167, 'Eclipse', 53, 1992),
(1168, 'Expo', 53, 1992),
(1169, 'Galant', 53, 1992),
(1170, 'GTO', 53, 1992),
(1171, 'Mighty Max', 53, 1992),
(1172, 'Mighty Max Macro', 53, 1992),
(1173, 'Mirage', 53, 1992),
(1174, 'Montero', 53, 1992),
(1175, 'Pajero', 53, 1992),
(1176, 'Precis', 53, 1992),
(1177, 'RVR', 53, 1992),
(1178, 'Truck', 53, 1992),
(1179, '240SX', 55, 1992),
(1180, '300ZX', 55, 1992),
(1181, 'Maxima', 55, 1992),
(1182, 'NX', 55, 1992),
(1183, 'Pathfinder', 55, 1992),
(1184, 'Sentra', 55, 1992),
(1185, 'Stanza', 55, 1992),
(1211, '911', 61, 1992),
(1212, '968', 61, 1992),
(1221, 'Samurai', 75, 1992),
(1222, 'Sidekick', 75, 1992),
(1223, 'SJ', 75, 1992),
(1224, 'Swift', 75, 1992),
(1225, '4Runner', 77, 1992),
(1226, 'Camry', 77, 1992),
(1227, 'Celica', 77, 1992),
(1228, 'Corolla', 77, 1992),
(1229, 'Cressida', 77, 1992),
(1230, 'Land Cruiser', 77, 1992),
(1231, 'MR2', 77, 1992),
(1232, 'Paseo', 77, 1992),
(1233, 'Previa', 77, 1992),
(1234, 'Supra', 77, 1992),
(1235, 'Tercel', 77, 1992),
(1236, 'Xtra', 77, 1992),
(1237, 'Cabriolet', 78, 1992),
(1238, 'Corrado', 78, 1992),
(1239, 'Eurovan', 78, 1992),
(1240, 'Fox', 78, 1992),
(1241, 'Golf', 78, 1992),
(1242, 'GTI', 78, 1992),
(1243, 'Jetta', 78, 1992),
(1244, 'Passat', 78, 1992),
(1245, 'riolet', 78, 1992),
(1246, '240', 79, 1992),
(1247, '740', 79, 1992),
(1248, '940', 79, 1992),
(1249, '960', 79, 1992),
(1256, '100', 5, 1993),
(1257, '90', 5, 1993),
(1258, 'Quattro', 5, 1993),
(1259, 'S4', 5, 1993),
(1260, '3 Series', 8, 1993),
(1261, '5 Series', 8, 1993),
(1262, '7 Series', 8, 1993),
(1263, '8 Series', 8, 1993),
(1264, 'M5', 8, 1993),
(1279, '1500', 12, 1993),
(1280, '2500', 12, 1993),
(1281, '3500', 12, 1993),
(1282, 'APV', 12, 1993),
(1283, 'Astro', 12, 1993),
(1284, 'Beretta', 12, 1993),
(1285, 'Blazer', 12, 1993),
(1286, 'Camaro', 12, 1993),
(1287, 'Caprice Classic', 12, 1993),
(1288, 'Cavalier', 12, 1993),
(1289, 'Corsica', 12, 1993),
(1290, 'Corvette', 12, 1993),
(1291, 'G-Series G10', 12, 1993),
(1292, 'G-Series G20', 12, 1993),
(1293, 'G-Series G30', 12, 1993),
(1294, 'Lumina', 12, 1993),
(1295, 'Lumina APV', 12, 1993),
(1296, 'S10', 12, 1993),
(1297, 'S10 Blazer', 12, 1993),
(1298, 'Sportvan G10', 12, 1993),
(1299, 'Sportvan G20', 12, 1993),
(1300, 'Sportvan G30', 12, 1993),
(1301, 'Suburban 1500', 12, 1993),
(1302, 'Suburban 2500', 12, 1993),
(1339, 'Aerostar', 25, 1993),
(1340, 'Bronco', 25, 1993),
(1341, 'Club Wagon', 25, 1993),
(1342, 'Crown Victoria', 25, 1993),
(1343, 'E-Series', 25, 1993),
(1344, 'Econoline E150', 25, 1993),
(1345, 'Econoline E250', 25, 1993),
(1346, 'Econoline E350', 25, 1993),
(1347, 'Escort', 25, 1993),
(1348, 'Explorer', 25, 1993),
(1349, 'F-Series', 25, 1993),
(1350, 'F150', 25, 1993),
(1351, 'F250', 25, 1993),
(1352, 'F350', 25, 1993),
(1353, 'Festiva', 25, 1993),
(1354, 'LTD Crown Victoria', 25, 1993),
(1355, 'Mustang', 25, 1993),
(1356, 'Probe', 25, 1993),
(1357, 'Ranger', 25, 1993),
(1358, 'Taurus', 25, 1993),
(1359, 'Tempo', 25, 1993),
(1360, 'Thunderbird', 25, 1993),
(1365, '1500', 27, 1993),
(1366, '1500 Club Coupe', 27, 1993),
(1367, '2500', 27, 1993),
(1368, '2500 Club Coupe', 27, 1993),
(1369, '3500', 27, 1993),
(1370, '3500 Club Coupe', 27, 1993),
(1371, 'Jimmy', 27, 1993),
(1372, 'Rally Wagon 1500', 27, 1993),
(1373, 'Rally Wagon 2500', 27, 1993),
(1374, 'Rally Wagon 3500', 27, 1993),
(1375, 'Safari', 27, 1993),
(1376, 'Sonoma', 27, 1993),
(1377, 'Sonoma Club Coupe', 27, 1993),
(1378, 'Suburban 1500', 27, 1993),
(1379, 'Suburban 2500', 27, 1993),
(1380, 'Vandura 1500', 27, 1993),
(1381, 'Vandura 2500', 27, 1993),
(1382, 'Vandura 3500', 27, 1993),
(1383, 'Yukon', 27, 1993),
(1384, 'Accord', 30, 1993),
(1385, 'Civic', 30, 1993),
(1386, 'del Sol', 30, 1993),
(1387, 'Prelude', 30, 1993),
(1389, 'Elantra', 32, 1993),
(1390, 'Excel', 32, 1993),
(1391, 'Scoupe', 32, 1993),
(1392, 'Sonata', 32, 1993),
(1396, 'Amigo', 34, 1993),
(1397, 'Rodeo', 34, 1993),
(1398, 'Space', 34, 1993),
(1399, 'Stylus', 34, 1993),
(1400, 'Trooper', 34, 1993),
(1401, 'XJ Series', 35, 1993),
(1402, 'Cherokee', 36, 1993),
(1403, 'Grand Cherokee', 36, 1993),
(1404, 'Wrangler', 36, 1993),
(1419, '323', 46, 1993),
(1420, '626', 46, 1993),
(1421, '929', 46, 1993),
(1422, 'B-Series', 46, 1993),
(1423, 'B-Series Plus', 46, 1993),
(1424, 'Miata MX-5', 46, 1993),
(1425, 'MPV', 46, 1993),
(1426, 'MX-3', 46, 1993),
(1427, 'MX-5', 46, 1993),
(1428, 'MX-6', 46, 1993),
(1429, 'Navajo', 46, 1993),
(1430, 'Protege', 46, 1993),
(1431, 'RX-7', 46, 1993),
(1432, '190E', 48, 1993),
(1433, '300CE', 48, 1993),
(1434, '300D', 48, 1993),
(1435, '300E', 48, 1993),
(1436, '300SD', 48, 1993),
(1437, '300SE', 48, 1993),
(1438, '300SL', 48, 1993),
(1439, '300TE', 48, 1993),
(1440, '400E', 48, 1993),
(1441, '400SEL', 48, 1993),
(1442, '500E', 48, 1993),
(1443, '500SEC', 48, 1993),
(1444, '500SEL', 48, 1993),
(1445, '500SL', 48, 1993),
(1446, '600SEC', 48, 1993),
(1447, '600SEL', 48, 1993),
(1448, '600SL', 48, 1993),
(1449, 'C-Class', 48, 1993),
(1450, 'E-Class', 48, 1993),
(1451, 'S-Class', 48, 1993),
(1452, 'SL-Class', 48, 1993),
(1453, 'W201', 48, 1993),
(1461, '3000GT', 53, 1993),
(1462, 'Chariot', 53, 1993),
(1463, 'Diamante', 53, 1993),
(1464, 'Eclipse', 53, 1993),
(1465, 'Expo', 53, 1993),
(1466, 'Galant', 53, 1993),
(1467, 'GTO', 53, 1993),
(1468, 'Mighty Max', 53, 1993),
(1469, 'Mighty Max Macro', 53, 1993),
(1470, 'Mirage', 53, 1993),
(1471, 'Montero', 53, 1993),
(1472, 'Pajero', 53, 1993),
(1473, 'Precis', 53, 1993),
(1474, 'RVR', 53, 1993),
(1475, 'Truck', 53, 1993),
(1476, '240SX', 55, 1993),
(1477, '300ZX', 55, 1993),
(1478, 'Altima', 55, 1993),
(1479, 'Maxima', 55, 1993),
(1480, 'NX', 55, 1993),
(1481, 'Pathfinder', 55, 1993),
(1482, 'Quest', 55, 1993),
(1483, 'Sentra', 55, 1993),
(1506, '911', 61, 1993),
(1507, '928', 61, 1993),
(1508, '968', 61, 1993),
(1518, 'Samurai', 75, 1993),
(1519, 'Sidekick', 75, 1993),
(1520, 'SJ', 75, 1993),
(1521, 'Swift', 75, 1993),
(1522, '4Runner', 77, 1993),
(1523, 'Camry', 77, 1993),
(1524, 'Celica', 77, 1993),
(1525, 'Corolla', 77, 1993),
(1526, 'Land Cruiser', 77, 1993),
(1527, 'MR2', 77, 1993),
(1528, 'Paseo', 77, 1993),
(1529, 'Previa', 77, 1993),
(1530, 'Supra', 77, 1993),
(1531, 'T100', 77, 1993),
(1532, 'Tercel', 77, 1993),
(1533, 'Xtra', 77, 1993),
(1534, 'Cabriolet', 78, 1993),
(1535, 'Corrado', 78, 1993),
(1536, 'Eurovan', 78, 1993),
(1537, 'Fox', 78, 1993),
(1538, 'Golf', 78, 1993),
(1539, 'Golf III', 78, 1993),
(1540, 'GTI', 78, 1993),
(1541, 'Jetta', 78, 1993),
(1542, 'Jetta III', 78, 1993),
(1543, 'Passat', 78, 1993),
(1544, 'riolet', 78, 1993),
(1545, '240', 79, 1993),
(1546, '850', 79, 1993),
(1547, '940', 79, 1993),
(1548, '960', 79, 1993),
(1555, '100', 5, 1994),
(1556, '90', 5, 1994),
(1557, 'Cabriolet', 5, 1994),
(1558, 'Quattro', 5, 1994),
(1559, 'riolet', 5, 1994),
(1560, 'S4', 5, 1994),
(1561, 'V8', 5, 1994),
(1562, '3 Series', 8, 1994),
(1563, '5 Series', 8, 1994),
(1564, '7 Series', 8, 1994),
(1565, '8 Series', 8, 1994),
(1577, '1500', 12, 1994),
(1578, '2500', 12, 1994),
(1579, '3500', 12, 1994),
(1580, 'Astro', 12, 1994),
(1581, 'Beretta', 12, 1994),
(1582, 'Blazer', 12, 1994),
(1583, 'Camaro', 12, 1994),
(1584, 'Caprice', 12, 1994),
(1585, 'Caprice Classic', 12, 1994),
(1586, 'Cavalier', 12, 1994),
(1587, 'Corsica', 12, 1994),
(1588, 'Corvette', 12, 1994),
(1589, 'G-Series G10', 12, 1994),
(1590, 'G-Series G20', 12, 1994),
(1591, 'G-Series G30', 12, 1994),
(1592, 'Impala', 12, 1994),
(1593, 'Impala SS', 12, 1994),
(1594, 'Lumina', 12, 1994),
(1595, 'S10', 12, 1994),
(1596, 'S10 Blazer', 12, 1994),
(1597, 'Sportvan G20', 12, 1994),
(1598, 'Sportvan G30', 12, 1994),
(1599, 'Suburban 1500', 12, 1994),
(1600, 'Suburban 2500', 12, 1994),
(1630, 'Aerostar', 25, 1994),
(1631, 'Aspire', 25, 1994),
(1632, 'Bronco', 25, 1994),
(1633, 'Club Wagon', 25, 1994),
(1634, 'Crown Victoria', 25, 1994),
(1635, 'E-Series', 25, 1994),
(1636, 'Econoline E150', 25, 1994),
(1637, 'Econoline E250', 25, 1994),
(1638, 'Econoline E350', 25, 1994),
(1639, 'Escort', 25, 1994),
(1640, 'Explorer', 25, 1994),
(1641, 'F-Series', 25, 1994),
(1642, 'F150', 25, 1994),
(1643, 'F250', 25, 1994),
(1644, 'F350', 25, 1994),
(1645, 'Lightning', 25, 1994),
(1646, 'Mustang', 25, 1994),
(1647, 'Probe', 25, 1994),
(1648, 'Ranger', 25, 1994),
(1649, 'Taurus', 25, 1994),
(1650, 'Tempo', 25, 1994),
(1651, 'Thunderbird', 25, 1994),
(1655, '1500', 27, 1994),
(1656, '1500 Club Coupe', 27, 1994),
(1657, '2500', 27, 1994),
(1658, '2500 Club Coupe', 27, 1994),
(1659, '3500', 27, 1994),
(1660, '3500 Club Coupe', 27, 1994),
(1661, 'Jimmy', 27, 1994),
(1662, 'Rally Wagon 2500', 27, 1994),
(1663, 'Rally Wagon 3500', 27, 1994),
(1664, 'Safari', 27, 1994),
(1665, 'Sonoma', 27, 1994),
(1666, 'Sonoma Club Coupe', 27, 1994),
(1667, 'Suburban 1500', 27, 1994),
(1668, 'Suburban 2500', 27, 1994),
(1669, 'Vandura 1500', 27, 1994),
(1670, 'Vandura 2500', 27, 1994),
(1671, 'Vandura 3500', 27, 1994),
(1672, 'Yukon', 27, 1994),
(1673, 'Accord', 30, 1994),
(1674, 'Civic', 30, 1994),
(1675, 'del Sol', 30, 1994),
(1676, 'Passport', 30, 1994),
(1677, 'Prelude', 30, 1994),
(1679, 'Elantra', 32, 1994),
(1680, 'Excel', 32, 1994),
(1681, 'Scoupe', 32, 1994),
(1682, 'Sonata', 32, 1994),
(1686, 'Amigo', 34, 1994),
(1687, 'Rodeo', 34, 1994),
(1688, 'Space', 34, 1994),
(1689, 'Trooper', 34, 1994),
(1690, 'XJ Series', 35, 1994),
(1691, 'Cherokee', 36, 1994),
(1692, 'Grand Cherokee', 36, 1994),
(1693, 'Wrangler', 36, 1994),
(1694, 'Sephia', 38, 1994),
(1709, '323', 46, 1994),
(1710, '626', 46, 1994),
(1711, '929', 46, 1994),
(1712, 'B-Series', 46, 1994),
(1713, 'B-Series Plus', 46, 1994),
(1714, 'Miata MX-5', 46, 1994),
(1715, 'MPV', 46, 1994),
(1716, 'MX-3', 46, 1994),
(1717, 'MX-5', 46, 1994),
(1718, 'MX-6', 46, 1994),
(1719, 'Navajo', 46, 1994),
(1720, 'Protege', 46, 1994),
(1721, 'RX-7', 46, 1994),
(1722, 'C-Class', 48, 1994),
(1723, 'E-Class', 48, 1994),
(1724, 'S-Class', 48, 1994),
(1725, 'SL-Class', 48, 1994),
(1733, '3000GT', 53, 1994),
(1734, 'Chariot', 53, 1994),
(1735, 'Diamante', 53, 1994),
(1736, 'Eclipse', 53, 1994),
(1737, 'Expo', 53, 1994),
(1738, 'Galant', 53, 1994),
(1739, 'GTO', 53, 1994),
(1740, 'Mighty Max', 53, 1994),
(1741, 'Mighty Max Macro', 53, 1994),
(1742, 'Mirage', 53, 1994),
(1743, 'Montero', 53, 1994),
(1744, 'Pajero', 53, 1994),
(1745, 'Precis', 53, 1994),
(1746, 'RVR', 53, 1994),
(1747, 'Truck', 53, 1994),
(1748, '240SX', 55, 1994),
(1749, '300ZX', 55, 1994),
(1750, 'Altima', 55, 1994),
(1751, 'Maxima', 55, 1994),
(1752, 'Pathfinder', 55, 1994),
(1753, 'Quest', 55, 1994),
(1754, 'Sentra', 55, 1994),
(1777, '911', 61, 1994),
(1778, '928', 61, 1994),
(1779, '968', 61, 1994),
(1789, 'Samurai', 75, 1994),
(1790, 'Sidekick', 75, 1994),
(1791, 'SJ', 75, 1994),
(1792, 'Swift', 75, 1994),
(1793, '4Runner', 77, 1994),
(1794, 'Camry', 77, 1994),
(1795, 'Celica', 77, 1994),
(1796, 'Corolla', 77, 1994),
(1797, 'Land Cruiser', 77, 1994),
(1798, 'MR2', 77, 1994),
(1799, 'Paseo', 77, 1994),
(1800, 'Previa', 77, 1994),
(1801, 'Supra', 77, 1994),
(1802, 'T100', 77, 1994),
(1803, 'Tercel', 77, 1994),
(1804, 'Xtra', 77, 1994),
(1805, 'Corrado', 78, 1994),
(1806, 'Eurovan', 78, 1994),
(1807, 'Golf', 78, 1994),
(1808, 'Golf III', 78, 1994),
(1809, 'Jetta', 78, 1994),
(1810, 'Jetta III', 78, 1994),
(1811, 'Passat', 78, 1994),
(1812, '850', 79, 1994),
(1813, '940', 79, 1994),
(1814, '960', 79, 1994),
(1820, '90', 5, 1995),
(1821, 'A6', 5, 1995),
(1822, 'Cabriolet', 5, 1995),
(1823, 'riolet', 5, 1995),
(1824, 'S6', 5, 1995),
(1825, '3 Series', 8, 1995),
(1826, '5 Series', 8, 1995),
(1827, '7 Series', 8, 1995),
(1828, '8 Series', 8, 1995),
(1829, 'M3', 8, 1995),
(1842, '1500', 12, 1995),
(1843, '2500', 12, 1995),
(1844, '3500', 12, 1995),
(1845, 'Astro', 12, 1995),
(1846, 'Beretta', 12, 1995),
(1847, 'Blazer', 12, 1995),
(1848, 'Camaro', 12, 1995),
(1849, 'Caprice', 12, 1995),
(1850, 'Caprice Classic', 12, 1995),
(1851, 'Cavalier', 12, 1995),
(1852, 'Corsica', 12, 1995),
(1853, 'Corvette', 12, 1995),
(1854, 'G-Series G10', 12, 1995),
(1855, 'G-Series G20', 12, 1995),
(1856, 'G-Series G30', 12, 1995),
(1857, 'Impala', 12, 1995),
(1858, 'Impala SS', 12, 1995),
(1859, 'K5 Blazer', 12, 1995),
(1860, 'Lumina', 12, 1995),
(1861, 'Monte Carlo', 12, 1995),
(1862, 'S10', 12, 1995),
(1863, 'Sportvan G20', 12, 1995),
(1864, 'Sportvan G30', 12, 1995),
(1865, 'Suburban 1500', 12, 1995),
(1866, 'Suburban 2500', 12, 1995),
(1867, 'Tahoe', 12, 1995),
(1899, 'Aerostar', 25, 1995),
(1900, 'Aspire', 25, 1995),
(1901, 'Bronco', 25, 1995),
(1902, 'Club Wagon', 25, 1995),
(1903, 'Contour', 25, 1995),
(1904, 'Crown Victoria', 25, 1995),
(1905, 'E-Series', 25, 1995),
(1906, 'Econoline E150', 25, 1995),
(1907, 'Econoline E250', 25, 1995),
(1908, 'Econoline E350', 25, 1995),
(1909, 'Escort', 25, 1995),
(1910, 'Explorer', 25, 1995),
(1911, 'F-Series', 25, 1995),
(1912, 'F150', 25, 1995),
(1913, 'F250', 25, 1995),
(1914, 'F350', 25, 1995),
(1915, 'Mustang', 25, 1995),
(1916, 'Probe', 25, 1995),
(1917, 'Ranger', 25, 1995),
(1918, 'Taurus', 25, 1995),
(1919, 'Thunderbird', 25, 1995),
(1920, 'Windstar', 25, 1995),
(1924, '1500', 27, 1995),
(1925, '1500 Club Coupe', 27, 1995),
(1926, '2500', 27, 1995),
(1927, '2500 Club Coupe', 27, 1995),
(1928, '3500', 27, 1995),
(1929, '3500 Club Coupe', 27, 1995),
(1930, 'Jimmy', 27, 1995),
(1931, 'Rally Wagon G2500', 27, 1995),
(1932, 'Rally Wagon G3500', 27, 1995),
(1933, 'Safari', 27, 1995),
(1934, 'Sonoma', 27, 1995),
(1935, 'Sonoma Club Coupe', 27, 1995),
(1936, 'Suburban 1500', 27, 1995),
(1937, 'Suburban 2500', 27, 1995),
(1938, 'Vandura G1500', 27, 1995),
(1939, 'Vandura G2500', 27, 1995),
(1940, 'Vandura G3500', 27, 1995),
(1941, 'Yukon', 27, 1995),
(1943, 'Accord', 30, 1995),
(1944, 'Civic', 30, 1995),
(1945, 'del Sol', 30, 1995),
(1946, 'Odyssey', 30, 1995),
(1947, 'Passport', 30, 1995),
(1948, 'Prelude', 30, 1995),
(1950, 'Accent', 32, 1995),
(1951, 'Elantra', 32, 1995),
(1952, 'Scoupe', 32, 1995),
(1953, 'Sonata', 32, 1995),
(1957, 'Rodeo', 34, 1995),
(1958, 'Trooper', 34, 1995),
(1959, 'XJ Series', 35, 1995),
(1960, 'Cherokee', 36, 1995),
(1961, 'Grand Cherokee', 36, 1995),
(1962, 'Wrangler', 36, 1995),
(1963, 'Sephia', 38, 1995),
(1964, 'Sportage', 38, 1995),
(1978, '323', 46, 1995),
(1979, '626', 46, 1995),
(1980, '929', 46, 1995),
(1981, 'B-Series', 46, 1995),
(1982, 'B-Series Plus', 46, 1995),
(1983, 'Miata MX-5', 46, 1995),
(1984, 'Millenia', 46, 1995),
(1985, 'MPV', 46, 1995),
(1986, 'MX-3', 46, 1995),
(1987, 'MX-5', 46, 1995),
(1988, 'MX-6', 46, 1995),
(1989, 'Protege', 46, 1995),
(1990, 'RX-7', 46, 1995),
(1991, 'C-Class', 48, 1995),
(1992, 'E-Class', 48, 1995),
(1993, 'S-Class', 48, 1995),
(1994, 'SL-Class', 48, 1995),
(2001, '3000GT', 53, 1995),
(2002, 'Chariot', 53, 1995),
(2003, 'Diamante', 53, 1995),
(2004, 'Eclipse', 53, 1995),
(2005, 'Expo', 53, 1995),
(2006, 'Galant', 53, 1995),
(2007, 'GTO', 53, 1995),
(2008, 'Mighty Max', 53, 1995),
(2009, 'Mirage', 53, 1995),
(2010, 'Montero', 53, 1995),
(2011, 'Pajero', 53, 1995),
(2012, 'RVR', 53, 1995),
(2013, 'Truck', 53, 1995),
(2014, '200SX', 55, 1995),
(2015, '240SX', 55, 1995),
(2016, '300ZX', 55, 1995),
(2017, 'Altima', 55, 1995),
(2018, 'Maxima', 55, 1995),
(2019, 'Pathfinder', 55, 1995),
(2020, 'Quest', 55, 1995),
(2021, 'Sentra', 55, 1995),
(2040, '911', 61, 1995),
(2041, '928', 61, 1995),
(2042, '968', 61, 1995),
(2050, 'Esteem', 75, 1995),
(2051, 'Samurai', 75, 1995),
(2052, 'Sidekick', 75, 1995),
(2053, 'SJ', 75, 1995),
(2054, 'Swift', 75, 1995),
(2055, '4Runner', 77, 1995),
(2056, 'Avalon', 77, 1995),
(2057, 'Camry', 77, 1995),
(2058, 'Celica', 77, 1995),
(2059, 'Corolla', 77, 1995),
(2060, 'Land Cruiser', 77, 1995),
(2061, 'MR2', 77, 1995),
(2062, 'Paseo', 77, 1995),
(2063, 'Previa', 77, 1995),
(2064, 'Supra', 77, 1995),
(2065, 'T100', 77, 1995),
(2066, 'T100 Xtra', 77, 1995),
(2067, 'Tacoma', 77, 1995),
(2068, 'Tacoma Xtra', 77, 1995),
(2069, 'Tercel', 77, 1995),
(2070, 'Xtra', 77, 1995),
(2071, 'Cabriolet', 78, 1995),
(2072, 'Eurovan', 78, 1995),
(2073, 'Golf', 78, 1995),
(2074, 'Golf III', 78, 1995),
(2075, 'GTI', 78, 1995),
(2076, 'Jetta', 78, 1995),
(2077, 'Jetta III', 78, 1995),
(2078, 'Passat', 78, 1995),
(2079, 'rio', 78, 1995),
(2080, '850', 79, 1995),
(2081, '940', 79, 1995),
(2082, '960', 79, 1995),
(2088, 'A4', 5, 1996),
(2089, 'A6', 5, 1996),
(2090, 'Cabriolet', 5, 1996),
(2091, 'riolet', 5, 1996),
(2092, '3 Series', 8, 1996),
(2093, '7 Series', 8, 1996),
(2094, '8 Series', 8, 1996),
(2095, 'M3', 8, 1996),
(2096, 'Z3', 8, 1996),
(2109, '1500', 12, 1996),
(2110, '2500', 12, 1996),
(2111, '3500', 12, 1996),
(2112, 'Astro', 12, 1996),
(2113, 'Beretta', 12, 1996),
(2114, 'Blazer', 12, 1996),
(2115, 'Camaro', 12, 1996),
(2116, 'Caprice', 12, 1996),
(2117, 'Caprice Classic', 12, 1996),
(2118, 'Cavalier', 12, 1996),
(2119, 'Corsica', 12, 1996),
(2120, 'Corvette', 12, 1996),
(2121, 'Express 1500', 12, 1996),
(2122, 'Express 2500', 12, 1996),
(2123, 'Express 3500', 12, 1996),
(2124, 'G-Series 1500', 12, 1996),
(2125, 'G-Series 2500', 12, 1996),
(2126, 'G-Series G30', 12, 1996),
(2127, 'Impala', 12, 1996),
(2128, 'Lumina', 12, 1996),
(2129, 'Monte Carlo', 12, 1996),
(2130, 'S10', 12, 1996),
(2131, 'Sportvan G30', 12, 1996),
(2132, 'Suburban 1500', 12, 1996),
(2133, 'Suburban 2500', 12, 1996),
(2134, 'Tahoe', 12, 1996),
(2163, 'Aerostar', 25, 1996),
(2164, 'Aspire', 25, 1996),
(2165, 'Bronco', 25, 1996),
(2166, 'Club Wagon', 25, 1996),
(2167, 'Contour', 25, 1996),
(2168, 'Crown Victoria', 25, 1996),
(2169, 'E-Series', 25, 1996),
(2170, 'Econoline E150', 25, 1996),
(2171, 'Econoline E250', 25, 1996),
(2172, 'Econoline E350', 25, 1996),
(2173, 'Escort', 25, 1996),
(2174, 'Explorer', 25, 1996),
(2175, 'F-Series', 25, 1996),
(2176, 'F150', 25, 1996),
(2177, 'F250', 25, 1996),
(2178, 'F350', 25, 1996),
(2179, 'Mustang', 25, 1996),
(2180, 'Probe', 25, 1996),
(2181, 'Ranger', 25, 1996),
(2182, 'Taurus', 25, 1996),
(2183, 'Thunderbird', 25, 1996),
(2184, 'Windstar', 25, 1996),
(2188, '1500', 27, 1996),
(2189, '1500 Club Coupe', 27, 1996),
(2190, '2500', 27, 1996),
(2191, '2500 Club Coupe', 27, 1996),
(2192, '3500', 27, 1996),
(2193, '3500 Club Coupe', 27, 1996),
(2194, 'Jimmy', 27, 1996),
(2195, 'Rally Wagon G3500', 27, 1996),
(2196, 'Safari', 27, 1996),
(2197, 'Savana 1500', 27, 1996),
(2198, 'Savana 2500', 27, 1996),
(2199, 'Savana 3500', 27, 1996),
(2200, 'Sonoma', 27, 1996),
(2201, 'Sonoma Club Coupe', 27, 1996),
(2202, 'Suburban 1500', 27, 1996),
(2203, 'Suburban 2500', 27, 1996),
(2204, 'Vandura G3500', 27, 1996),
(2205, 'Yukon', 27, 1996),
(2207, 'Accord', 30, 1996),
(2208, 'Civic', 30, 1996),
(2209, 'del Sol', 30, 1996),
(2210, 'Odyssey', 30, 1996),
(2211, 'Passport', 30, 1996),
(2212, 'Prelude', 30, 1996),
(2214, 'Accent', 32, 1996),
(2215, 'Elantra', 32, 1996),
(2216, 'Sonata', 32, 1996),
(2221, 'Hombre', 34, 1996),
(2222, 'Oasis', 34, 1996),
(2223, 'Rodeo', 34, 1996),
(2224, 'Trooper', 34, 1996),
(2225, 'XJ Series', 35, 1996),
(2226, 'Cherokee', 36, 1996),
(2227, 'Grand Cherokee', 36, 1996),
(2228, 'Sephia', 38, 1996),
(2229, 'Sportage', 38, 1996),
(2242, '626', 46, 1996),
(2243, 'B-Series', 46, 1996),
(2244, 'B-Series Plus', 46, 1996),
(2245, 'Miata MX-5', 46, 1996),
(2246, 'Millenia', 46, 1996),
(2247, 'MPV', 46, 1996),
(2248, 'MX-3', 46, 1996),
(2249, 'MX-5', 46, 1996),
(2250, 'MX-6', 46, 1996),
(2251, 'Protege', 46, 1996),
(2252, 'C-Class', 48, 1996),
(2253, 'E-Class', 48, 1996),
(2254, 'S-Class', 48, 1996),
(2255, 'SL-Class', 48, 1996),
(2262, '3000GT', 53, 1996),
(2263, 'Chariot', 53, 1996),
(2264, 'Diamante', 53, 1996),
(2265, 'Eclipse', 53, 1996),
(2266, 'Expo LRV', 53, 1996),
(2267, 'Galant', 53, 1996),
(2268, 'GTO', 53, 1996),
(2269, 'Mighty Max', 53, 1996),
(2270, 'Mirage', 53, 1996),
(2271, 'Montero', 53, 1996),
(2272, 'Pajero', 53, 1996),
(2273, 'Truck', 53, 1996),
(2274, '200SX', 55, 1996),
(2275, '240SX', 55, 1996),
(2276, '300ZX', 55, 1996),
(2277, 'Altima', 55, 1996),
(2278, 'Maxima', 55, 1996),
(2279, 'Pathfinder', 55, 1996),
(2280, 'Quest', 55, 1996),
(2281, 'Sentra', 55, 1996),
(2300, '911', 61, 1996),
(2308, 'Esteem', 75, 1996),
(2309, 'Sidekick', 75, 1996),
(2310, 'Swift', 75, 1996),
(2311, 'X-90', 75, 1996),
(2312, '4Runner', 77, 1996),
(2313, 'Avalon', 77, 1996),
(2314, 'Camry', 77, 1996),
(2315, 'Celica', 77, 1996),
(2316, 'Corolla', 77, 1996),
(2317, 'Land Cruiser', 77, 1996),
(2318, 'Paseo', 77, 1996),
(2319, 'Previa', 77, 1996),
(2320, 'RAV4', 77, 1996),
(2321, 'Supra', 77, 1996),
(2322, 'T100', 77, 1996),
(2323, 'T100 Xtra', 77, 1996),
(2324, 'Tacoma', 77, 1996),
(2325, 'Tacoma Xtra', 77, 1996),
(2326, 'Tercel', 77, 1996),
(2327, 'Cabriolet', 78, 1996),
(2328, 'Golf', 78, 1996),
(2329, 'GTI', 78, 1996),
(2330, 'Jetta', 78, 1996),
(2331, 'Passat', 78, 1996),
(2332, 'rio', 78, 1996),
(2333, '850', 79, 1996),
(2334, '960', 79, 1996),
(2341, 'A4', 5, 1997),
(2342, 'A6', 5, 1997),
(2343, 'A8', 5, 1997),
(2344, 'Cabriolet', 5, 1997),
(2345, 'riolet', 5, 1997),
(2346, '3 Series', 8, 1997),
(2347, '5 Series', 8, 1997),
(2348, '7 Series', 8, 1997),
(2349, '8 Series', 8, 1997),
(2350, 'M3', 8, 1997),
(2351, 'Z3', 8, 1997),
(2362, '1500', 12, 1997),
(2363, '2500', 12, 1997),
(2364, '3500', 12, 1997),
(2365, 'Astro', 12, 1997),
(2366, 'Blazer', 12, 1997),
(2367, 'Camaro', 12, 1997),
(2368, 'Cavalier', 12, 1997),
(2369, 'Corvette', 12, 1997),
(2370, 'Express 1500', 12, 1997),
(2371, 'Express 2500', 12, 1997),
(2372, 'Express 3500', 12, 1997),
(2373, 'G-Series 1500', 12, 1997),
(2374, 'G-Series 2500', 12, 1997),
(2375, 'G-Series 3500', 12, 1997),
(2376, 'Lumina', 12, 1997),
(2377, 'Malibu', 12, 1997),
(2378, 'Monte Carlo', 12, 1997),
(2379, 'S10', 12, 1997),
(2380, 'Suburban 1500', 12, 1997),
(2381, 'Suburban 2500', 12, 1997),
(2382, 'Tahoe', 12, 1997),
(2383, 'Venture', 12, 1997),
(2409, 'Aerostar', 25, 1997),
(2410, 'Aspire', 25, 1997),
(2411, 'Club Wagon', 25, 1997),
(2412, 'Contour', 25, 1997),
(2413, 'Crown Victoria', 25, 1997),
(2414, 'Econoline E150', 25, 1997),
(2415, 'Econoline E250', 25, 1997),
(2416, 'Econoline E350', 25, 1997),
(2417, 'Escort', 25, 1997),
(2418, 'Expedition', 25, 1997),
(2419, 'Explorer', 25, 1997),
(2420, 'F-Series', 25, 1997),
(2421, 'F150', 25, 1997),
(2422, 'F250', 25, 1997),
(2423, 'F350', 25, 1997),
(2424, 'Mustang', 25, 1997),
(2425, 'Probe', 25, 1997),
(2426, 'Ranger', 25, 1997),
(2427, 'Taurus', 25, 1997),
(2428, 'Thunderbird', 25, 1997),
(2429, 'Windstar', 25, 1997),
(2433, '1500', 27, 1997),
(2434, '1500 Club Coupe', 27, 1997),
(2435, '2500', 27, 1997),
(2436, '2500 Club Coupe', 27, 1997),
(2437, '3500', 27, 1997),
(2438, '3500 Club Coupe', 27, 1997),
(2439, 'Jimmy', 27, 1997),
(2440, 'Safari', 27, 1997),
(2441, 'Savana 1500', 27, 1997),
(2442, 'Savana 2500', 27, 1997),
(2443, 'Savana 3500', 27, 1997),
(2444, 'Sonoma', 27, 1997),
(2445, 'Sonoma Club Coupe', 27, 1997),
(2446, 'Suburban 1500', 27, 1997),
(2447, 'Suburban 2500', 27, 1997),
(2448, 'Yukon', 27, 1997),
(2450, 'Accord', 30, 1997),
(2451, 'Civic', 30, 1997),
(2452, 'CR-V', 30, 1997),
(2453, 'Del Sol', 30, 1997),
(2454, 'Odyssey', 30, 1997),
(2455, 'Passport', 30, 1997),
(2456, 'Prelude', 30, 1997),
(2458, 'Accent', 32, 1997),
(2459, 'Elantra', 32, 1997),
(2460, 'Sonata', 32, 1997),
(2461, 'Tiburon', 32, 1997),
(2466, 'Hombre', 34, 1997),
(2467, 'Hombre Space', 34, 1997),
(2468, 'Oasis', 34, 1997),
(2469, 'Rodeo', 34, 1997),
(2470, 'Trooper', 34, 1997),
(2471, 'XJ Series', 35, 1997),
(2472, 'XK Series', 35, 1997),
(2473, 'Cherokee', 36, 1997),
(2474, 'Grand Cherokee', 36, 1997),
(2475, 'Wrangler', 36, 1997),
(2476, 'Mentor', 38, 1997),
(2477, 'Sephia', 38, 1997),
(2478, 'Sportage', 38, 1997),
(2493, '626', 46, 1997),
(2494, 'B-Series', 46, 1997),
(2495, 'B-Series Plus', 46, 1997),
(2496, 'Miata MX-5', 46, 1997),
(2497, 'Millenia', 46, 1997),
(2498, 'MPV', 46, 1997),
(2499, 'MX-5', 46, 1997),
(2500, 'MX-6', 46, 1997),
(2501, 'Protege', 46, 1997),
(2502, 'C-Class', 48, 1997),
(2503, 'E-Class', 48, 1997),
(2504, 'S-Class', 48, 1997),
(2505, 'SL-Class', 48, 1997),
(2506, 'SLK-Class', 48, 1997),
(2514, '3000GT', 53, 1997),
(2515, 'Challenger', 53, 1997),
(2516, 'Diamante', 53, 1997),
(2517, 'Eclipse', 53, 1997),
(2518, 'Galant', 53, 1997),
(2519, 'GTO', 53, 1997),
(2520, 'Mirage', 53, 1997),
(2521, 'Montero', 53, 1997),
(2522, 'Montero Sport', 53, 1997),
(2523, 'Pajero', 53, 1997),
(2524, '200SX', 55, 1997),
(2525, '240SX', 55, 1997),
(2526, 'Altima', 55, 1997),
(2527, 'Maxima', 55, 1997),
(2528, 'Pathfinder', 55, 1997),
(2529, 'Quest', 55, 1997),
(2530, 'Sentra', 55, 1997),
(2551, '911', 61, 1997),
(2552, 'Boxster', 61, 1997),
(2560, 'Esteem', 75, 1997),
(2561, 'Sidekick', 75, 1997),
(2562, 'Swift', 75, 1997),
(2563, 'X-90', 75, 1997),
(2564, '4Runner', 77, 1997),
(2565, 'Avalon', 77, 1997),
(2566, 'Camry', 77, 1997),
(2567, 'Celica', 77, 1997),
(2568, 'Corolla', 77, 1997),
(2569, 'Land Cruiser', 77, 1997),
(2570, 'Paseo', 77, 1997),
(2571, 'Previa', 77, 1997),
(2572, 'RAV4', 77, 1997),
(2573, 'Supra', 77, 1997),
(2574, 'T100', 77, 1997),
(2575, 'T100 Xtra', 77, 1997),
(2576, 'Tacoma', 77, 1997),
(2577, 'Tacoma Xtra', 77, 1997),
(2578, 'Tercel', 77, 1997),
(2579, 'Cabriolet', 78, 1997),
(2580, 'Eurovan', 78, 1997),
(2581, 'Golf', 78, 1997),
(2582, 'GTI', 78, 1997),
(2583, 'Jetta', 78, 1997),
(2584, 'Passat', 78, 1997),
(2585, 'rio', 78, 1997),
(2586, '850', 79, 1997),
(2587, '960', 79, 1997),
(2588, 'S90', 79, 1997),
(2589, 'V90', 79, 1997),
(2596, 'A4', 5, 1998),
(2597, 'A6', 5, 1998),
(2598, 'A8', 5, 1998),
(2599, 'Cabriolet', 5, 1998),
(2600, 'riolet', 5, 1998),
(2601, '3 Series', 8, 1998),
(2602, '5 Series', 8, 1998),
(2603, '7 Series', 8, 1998),
(2604, 'M3', 8, 1998),
(2605, 'Z3', 8, 1998),
(2616, '1500', 12, 1998),
(2617, '2500', 12, 1998),
(2618, '3500', 12, 1998),
(2619, 'Astro', 12, 1998),
(2620, 'Blazer', 12, 1998),
(2621, 'Camaro', 12, 1998),
(2622, 'Cavalier', 12, 1998),
(2623, 'Corvette', 12, 1998),
(2624, 'Express 1500', 12, 1998),
(2625, 'Express 2500', 12, 1998),
(2626, 'Express 3500', 12, 1998),
(2627, 'G-Series 1500', 12, 1998),
(2628, 'G-Series 2500', 12, 1998),
(2629, 'G-Series 3500', 12, 1998),
(2630, 'Lumina', 12, 1998),
(2631, 'Malibu', 12, 1998),
(2632, 'Metro', 12, 1998),
(2633, 'Monte Carlo', 12, 1998),
(2634, 'Prizm', 12, 1998),
(2635, 'S10', 12, 1998),
(2636, 'Suburban 1500', 12, 1998),
(2637, 'Suburban 2500', 12, 1998),
(2638, 'Tahoe', 12, 1998),
(2639, 'Tracker', 12, 1998),
(2640, 'Venture', 12, 1998),
(2664, 'Club Wagon', 25, 1998),
(2665, 'Contour', 25, 1998),
(2666, 'Crown Victoria', 25, 1998),
(2667, 'Econoline E150', 25, 1998),
(2668, 'Econoline E250', 25, 1998),
(2669, 'Econoline E350', 25, 1998),
(2670, 'Escort', 25, 1998),
(2671, 'Expedition', 25, 1998),
(2672, 'Explorer', 25, 1998),
(2673, 'F150', 25, 1998),
(2674, 'F250', 25, 1998),
(2675, 'Mustang', 25, 1998),
(2676, 'Ranger', 25, 1998),
(2677, 'Taurus', 25, 1998),
(2678, 'Windstar', 25, 1998),
(2679, '1500', 27, 1998),
(2680, '1500 Club Coupe', 27, 1998),
(2681, '2500', 27, 1998),
(2682, '2500 Club Coupe', 27, 1998),
(2683, '3500', 27, 1998),
(2684, '3500 Club Coupe', 27, 1998),
(2685, 'Envoy', 27, 1998),
(2686, 'Jimmy', 27, 1998),
(2687, 'Safari', 27, 1998),
(2688, 'Savana 1500', 27, 1998),
(2689, 'Savana 2500', 27, 1998),
(2690, 'Savana 3500', 27, 1998),
(2691, 'Sonoma', 27, 1998),
(2692, 'Sonoma Club Coupe', 27, 1998),
(2693, 'Suburban 1500', 27, 1998),
(2694, 'Suburban 2500', 27, 1998),
(2695, 'Yukon', 27, 1998),
(2696, 'Accord', 30, 1998),
(2697, 'Civic', 30, 1998),
(2698, 'CR-V', 30, 1998),
(2699, 'Odyssey', 30, 1998),
(2700, 'Passport', 30, 1998),
(2701, 'Prelude', 30, 1998),
(2703, 'Accent', 32, 1998),
(2704, 'Elantra', 32, 1998),
(2705, 'Sonata', 32, 1998),
(2706, 'Tiburon', 32, 1998),
(2710, 'Amigo', 34, 1998),
(2711, 'Hombre', 34, 1998),
(2712, 'Hombre Space', 34, 1998),
(2713, 'Oasis', 34, 1998),
(2714, 'Rodeo', 34, 1998),
(2715, 'Trooper', 34, 1998),
(2716, 'XJ Series', 35, 1998),
(2717, 'XK Series', 35, 1998),
(2718, 'Cherokee', 36, 1998),
(2719, 'Grand Cherokee', 36, 1998),
(2720, 'Wrangler', 36, 1998),
(2721, 'Sephia', 38, 1998),
(2722, 'Sportage', 38, 1998),
(2736, '626', 46, 1998),
(2737, 'B-Series', 46, 1998),
(2738, 'B-Series Plus', 46, 1998),
(2739, 'Millenia', 46, 1998),
(2740, 'MPV', 46, 1998),
(2741, 'MX-5', 46, 1998),
(2742, 'Protege', 46, 1998),
(2743, 'C-Class', 48, 1998),
(2744, 'CL-Class', 48, 1998),
(2745, 'CLK-Class', 48, 1998),
(2746, 'E-Class', 48, 1998),
(2747, 'M-Class', 48, 1998),
(2748, 'S-Class', 48, 1998),
(2749, 'SL-Class', 48, 1998),
(2750, 'SLK-Class', 48, 1998),
(2757, '3000GT', 53, 1998),
(2758, 'Challenger', 53, 1998),
(2759, 'Diamante', 53, 1998),
(2760, 'Eclipse', 53, 1998),
(2761, 'Galant', 53, 1998),
(2762, 'GTO', 53, 1998),
(2763, 'Mirage', 53, 1998),
(2764, 'Montero', 53, 1998),
(2765, 'Montero Sport', 53, 1998),
(2766, 'Pajero', 53, 1998),
(2767, '200SX', 55, 1998),
(2768, '240SX', 55, 1998),
(2769, 'Altima', 55, 1998),
(2770, 'Frontier', 55, 1998),
(2771, 'Maxima', 55, 1998),
(2772, 'Pathfinder', 55, 1998),
(2773, 'Quest', 55, 1998),
(2774, 'Sentra', 55, 1998),
(2794, '911', 61, 1998),
(2795, 'Boxster', 61, 1998),
(2802, 'Esteem', 75, 1998),
(2803, 'Sidekick', 75, 1998),
(2804, 'Swift', 75, 1998),
(2805, 'X-90', 75, 1998),
(2806, '4Runner', 77, 1998),
(2807, 'Avalon', 77, 1998),
(2808, 'Camry', 77, 1998),
(2809, 'Celica', 77, 1998),
(2810, 'Corolla', 77, 1998),
(2811, 'Land Cruiser', 77, 1998),
(2812, 'RAV4', 77, 1998),
(2813, 'Sienna', 77, 1998),
(2814, 'Supra', 77, 1998),
(2815, 'T100', 77, 1998),
(2816, 'T100 Xtra', 77, 1998),
(2817, 'Tacoma', 77, 1998),
(2818, 'Tacoma Xtra', 77, 1998),
(2819, 'Tercel', 77, 1998),
(2820, 'Cabriolet', 78, 1998),
(2821, 'Golf', 78, 1998),
(2822, 'GTI', 78, 1998),
(2823, 'Jetta', 78, 1998),
(2824, 'New Beetle', 78, 1998),
(2825, 'Passat', 78, 1998),
(2826, 'rio', 78, 1998),
(2827, 'C70', 79, 1998),
(2828, 'S70', 79, 1998),
(2829, 'S90', 79, 1998),
(2830, 'V70', 79, 1998),
(2831, 'V90', 79, 1998),
(2838, 'A4', 5, 1999),
(2839, 'A6', 5, 1999),
(2840, 'A8', 5, 1999),
(2841, '3 Series', 8, 1999),
(2842, '5 Series', 8, 1999),
(2843, '7 Series', 8, 1999),
(2844, 'M3', 8, 1999),
(2845, 'Z3', 8, 1999),
(2856, '1500', 12, 1999),
(2857, '2500', 12, 1999),
(2858, '3500', 12, 1999),
(2859, 'Astro', 12, 1999),
(2860, 'Blazer', 12, 1999),
(2861, 'Camaro', 12, 1999),
(2862, 'Cavalier', 12, 1999),
(2863, 'Corvette', 12, 1999),
(2864, 'Express 1500', 12, 1999),
(2865, 'Express 2500', 12, 1999),
(2866, 'Express 3500', 12, 1999),
(2867, 'Lumina', 12, 1999),
(2868, 'Malibu', 12, 1999),
(2869, 'Metro', 12, 1999),
(2870, 'Monte Carlo', 12, 1999),
(2871, 'Prizm', 12, 1999),
(2872, 'S10', 12, 1999),
(2873, 'Silverado', 12, 1999),
(2874, 'Silverado 1500', 12, 1999),
(2875, 'Silverado 2500', 12, 1999),
(2876, 'Suburban 1500', 12, 1999),
(2877, 'Suburban 2500', 12, 1999),
(2878, 'Tahoe', 12, 1999),
(2879, 'Tracker', 12, 1999),
(2880, 'Venture', 12, 1999),
(2911, 'Contour', 25, 1999),
(2912, 'Crown Victoria', 25, 1999),
(2913, 'Econoline E150', 25, 1999),
(2914, 'Econoline E250', 25, 1999),
(2915, 'Econoline E350', 25, 1999),
(2916, 'Escort', 25, 1999),
(2917, 'Expedition', 25, 1999),
(2918, 'Explorer', 25, 1999),
(2919, 'F150', 25, 1999),
(2920, 'F250', 25, 1999),
(2921, 'F350', 25, 1999),
(2922, 'Mustang', 25, 1999),
(2923, 'Ranger', 25, 1999),
(2924, 'Taurus', 25, 1999),
(2925, 'Windstar', 25, 1999),
(2926, '1500 Club Coupe', 27, 1999),
(2927, '2500', 27, 1999),
(2928, '3500', 27, 1999),
(2929, 'Envoy', 27, 1999),
(2930, 'EV1', 27, 1999),
(2931, 'Jimmy', 27, 1999),
(2932, 'Safari', 27, 1999),
(2933, 'Savana 1500', 27, 1999),
(2934, 'Savana 2500', 27, 1999),
(2935, 'Savana 3500', 27, 1999),
(2936, 'Sierra 1500', 27, 1999),
(2937, 'Sierra 2500', 27, 1999),
(2938, 'Sonoma', 27, 1999),
(2939, 'Suburban 1500', 27, 1999),
(2940, 'Suburban 2500', 27, 1999),
(2941, 'Yukon', 27, 1999),
(2942, 'Accord', 30, 1999),
(2943, 'Civic', 30, 1999),
(2944, 'CR-V', 30, 1999),
(2945, 'Odyssey', 30, 1999),
(2946, 'Passport', 30, 1999),
(2947, 'Prelude', 30, 1999),
(2949, 'Accent', 32, 1999),
(2950, 'Elantra', 32, 1999),
(2951, 'Sonata', 32, 1999),
(2952, 'Tiburon', 32, 1999),
(2957, 'Amigo', 34, 1999),
(2958, 'Hombre', 34, 1999),
(2959, 'Hombre Space', 34, 1999),
(2960, 'Oasis', 34, 1999),
(2961, 'Rodeo', 34, 1999),
(2962, 'Trooper', 34, 1999),
(2963, 'VehiCROSS', 34, 1999),
(2964, 'XJ Series', 35, 1999),
(2965, 'XK Series', 35, 1999),
(2966, 'Cherokee', 36, 1999),
(2967, 'Grand Cherokee', 36, 1999),
(2968, 'Wrangler', 36, 1999),
(2969, 'Sephia', 38, 1999),
(2970, 'Sportage', 38, 1999),
(2985, '626', 46, 1999),
(2986, 'B-Series', 46, 1999),
(2987, 'B-Series Plus', 46, 1999),
(2988, 'Miata MX-5', 46, 1999),
(2989, 'Millenia', 46, 1999),
(2990, 'MX-5', 46, 1999),
(2991, 'Protege', 46, 1999),
(2992, 'C-Class', 48, 1999),
(2993, 'CL-Class', 48, 1999),
(2994, 'CLK-Class', 48, 1999),
(2995, 'E-Class', 48, 1999),
(2996, 'M-Class', 48, 1999),
(2997, 'S-Class', 48, 1999),
(2998, 'SL-Class', 48, 1999),
(2999, 'SLK-Class', 48, 1999),
(3007, '3000GT', 53, 1999),
(3008, 'Challenger', 53, 1999),
(3009, 'Diamante', 53, 1999),
(3010, 'Eclipse', 53, 1999),
(3011, 'Galant', 53, 1999),
(3012, 'GTO', 53, 1999),
(3013, 'Mirage', 53, 1999),
(3014, 'Montero', 53, 1999),
(3015, 'Montero Sport', 53, 1999),
(3016, 'Pajero', 53, 1999),
(3017, 'Altima', 55, 1999),
(3018, 'Frontier', 55, 1999),
(3019, 'Maxima', 55, 1999),
(3020, 'Pathfinder', 55, 1999),
(3021, 'Quest', 55, 1999),
(3022, 'Sentra', 55, 1999),
(3044, '911', 61, 1999),
(3045, 'Boxster', 61, 1999),
(3054, 'Esteem', 75, 1999),
(3055, 'Grand Vitara', 75, 1999),
(3056, 'Swift', 75, 1999),
(3057, 'Vitara', 75, 1999),
(3058, '4Runner', 77, 1999),
(3059, 'Avalon', 77, 1999),
(3060, 'Camry', 77, 1999),
(3061, 'Celica', 77, 1999),
(3062, 'Corolla', 77, 1999),
(3063, 'Land Cruiser', 77, 1999),
(3064, 'RAV4', 77, 1999),
(3065, 'Sienna', 77, 1999),
(3066, 'Solara', 77, 1999),
(3067, 'Tacoma', 77, 1999),
(3068, 'Tacoma Xtra', 77, 1999),
(3069, 'Cabriolet', 78, 1999),
(3070, 'Eurovan', 78, 1999),
(3071, 'Golf', 78, 1999),
(3072, 'GTI', 78, 1999),
(3073, 'Jetta', 78, 1999),
(3074, 'New Beetle', 78, 1999),
(3075, 'Passat', 78, 1999),
(3076, 'rio', 78, 1999),
(3077, 'C70', 79, 1999),
(3078, 'S70', 79, 1999),
(3079, 'S80', 79, 1999),
(3080, 'V70', 79, 1999),
(3085, 'A4', 5, 2000),
(3086, 'A6', 5, 2000),
(3087, 'A8', 5, 2000),
(3088, 'S4', 5, 2000),
(3089, 'TT', 5, 2000),
(3090, '3 Series', 8, 2000),
(3091, '5 Series', 8, 2000),
(3092, '7 Series', 8, 2000),
(3093, 'M', 8, 2000),
(3094, 'M5', 8, 2000),
(3095, 'X5', 8, 2000),
(3096, 'Z3', 8, 2000),
(3097, 'Z8', 8, 2000),
(3107, '2500', 12, 2000),
(3108, '3500', 12, 2000),
(3109, 'Astro', 12, 2000),
(3110, 'Blazer', 12, 2000),
(3111, 'Camaro', 12, 2000),
(3112, 'Cavalier', 12, 2000),
(3113, 'Corvette', 12, 2000),
(3114, 'Express 1500', 12, 2000),
(3115, 'Express 2500', 12, 2000),
(3116, 'Express 3500', 12, 2000),
(3117, 'Impala', 12, 2000),
(3118, 'Lumina', 12, 2000),
(3119, 'Malibu', 12, 2000),
(3120, 'Metro', 12, 2000),
(3121, 'Monte Carlo', 12, 2000),
(3122, 'Prizm', 12, 2000),
(3123, 'S10', 12, 2000),
(3124, 'Silverado 1500', 12, 2000),
(3125, 'Silverado 2500', 12, 2000),
(3126, 'Suburban 1500', 12, 2000),
(3127, 'Suburban 2500', 12, 2000),
(3128, 'Tahoe', 12, 2000);
INSERT INTO `models` (`id`, `model`, `carId`, `year`) VALUES
(3129, 'Tracker', 12, 2000),
(3130, 'Venture', 12, 2000),
(3159, 'Contour', 25, 2000),
(3160, 'Crown Victoria', 25, 2000),
(3161, 'Econoline E150', 25, 2000),
(3162, 'Econoline E250', 25, 2000),
(3163, 'Econoline E350', 25, 2000),
(3164, 'Escape', 25, 2000),
(3165, 'Escort', 25, 2000),
(3166, 'Excursion', 25, 2000),
(3167, 'Expedition', 25, 2000),
(3168, 'Explorer', 25, 2000),
(3169, 'Explorer Sport', 25, 2000),
(3170, 'Explorer Sport Trac', 25, 2000),
(3171, 'F150', 25, 2000),
(3172, 'F250', 25, 2000),
(3173, 'F350', 25, 2000),
(3174, 'Focus', 25, 2000),
(3175, 'Mustang', 25, 2000),
(3176, 'Ranger', 25, 2000),
(3177, 'Taurus', 25, 2000),
(3178, 'Th!nk', 25, 2000),
(3179, 'Windstar', 25, 2000),
(3180, 'Envoy', 27, 2000),
(3181, 'Jimmy', 27, 2000),
(3182, 'Safari', 27, 2000),
(3183, 'Savana 1500', 27, 2000),
(3184, 'Savana 2500', 27, 2000),
(3185, 'Savana 3500', 27, 2000),
(3186, 'Sierra 1500', 27, 2000),
(3187, 'Sierra 2500', 27, 2000),
(3188, 'Sierra 3500', 27, 2000),
(3189, 'Sonoma', 27, 2000),
(3190, 'Yukon', 27, 2000),
(3191, 'Yukon Denali', 27, 2000),
(3192, 'Yukon XL 1500', 27, 2000),
(3193, 'Yukon XL 2500', 27, 2000),
(3194, 'Accord', 30, 2000),
(3195, 'Civic', 30, 2000),
(3196, 'CR-V', 30, 2000),
(3197, 'Insight', 30, 2000),
(3198, 'Odyssey', 30, 2000),
(3199, 'Passport', 30, 2000),
(3200, 'Prelude', 30, 2000),
(3201, 'S2000', 30, 2000),
(3203, 'Accent', 32, 2000),
(3204, 'Elantra', 32, 2000),
(3205, 'Sonata', 32, 2000),
(3206, 'Tiburon', 32, 2000),
(3211, 'Amigo', 34, 2000),
(3212, 'Hombre', 34, 2000),
(3213, 'Hombre Space', 34, 2000),
(3214, 'Rodeo', 34, 2000),
(3215, 'Trooper', 34, 2000),
(3216, 'VehiCROSS', 34, 2000),
(3217, 'S-Type', 35, 2000),
(3218, 'XJ Series', 35, 2000),
(3219, 'XK Series', 35, 2000),
(3220, 'Cherokee', 36, 2000),
(3221, 'Grand Cherokee', 36, 2000),
(3222, 'Wrangler', 36, 2000),
(3223, 'Sephia', 38, 2000),
(3224, 'Spectra', 38, 2000),
(3225, 'Sportage', 38, 2000),
(3241, '626', 46, 2000),
(3242, 'B-Series', 46, 2000),
(3243, 'B-Series Plus', 46, 2000),
(3244, 'Miata MX-5', 46, 2000),
(3245, 'Millenia', 46, 2000),
(3246, 'MPV', 46, 2000),
(3247, 'MX-5', 46, 2000),
(3248, 'Protege', 46, 2000),
(3249, 'C-Class', 48, 2000),
(3250, 'CL-Class', 48, 2000),
(3251, 'CLK-Class', 48, 2000),
(3252, 'E-Class', 48, 2000),
(3253, 'M-Class', 48, 2000),
(3254, 'S-Class', 48, 2000),
(3255, 'SL-Class', 48, 2000),
(3256, 'SLK-Class', 48, 2000),
(3263, 'Challenger', 53, 2000),
(3264, 'Diamante', 53, 2000),
(3265, 'Eclipse', 53, 2000),
(3266, 'Galant', 53, 2000),
(3267, 'Mirage', 53, 2000),
(3268, 'Montero', 53, 2000),
(3269, 'Montero Sport', 53, 2000),
(3270, 'Pajero', 53, 2000),
(3271, 'Altima', 55, 2000),
(3272, 'Frontier', 55, 2000),
(3273, 'Maxima', 55, 2000),
(3274, 'Pathfinder', 55, 2000),
(3275, 'Quest', 55, 2000),
(3276, 'Sentra', 55, 2000),
(3277, 'Xterra', 55, 2000),
(3293, '911', 61, 2000),
(3294, 'Boxster', 61, 2000),
(3303, 'Esteem', 75, 2000),
(3304, 'Grand Vitara', 75, 2000),
(3305, 'Swift', 75, 2000),
(3306, 'Vitara', 75, 2000),
(3307, '4Runner', 77, 2000),
(3308, 'Avalon', 77, 2000),
(3309, 'Camry', 77, 2000),
(3310, 'Celica', 77, 2000),
(3311, 'Corolla', 77, 2000),
(3312, 'Echo', 77, 2000),
(3313, 'Ipsum', 77, 2000),
(3314, 'Land Cruiser', 77, 2000),
(3315, 'MR2', 77, 2000),
(3316, 'RAV4', 77, 2000),
(3317, 'Sienna', 77, 2000),
(3318, 'Solara', 77, 2000),
(3319, 'Tacoma', 77, 2000),
(3320, 'Tacoma Xtra', 77, 2000),
(3321, 'Tundra', 77, 2000),
(3322, 'Cabriolet', 78, 2000),
(3323, 'Eurovan', 78, 2000),
(3324, 'Golf', 78, 2000),
(3325, 'GTI', 78, 2000),
(3326, 'Jetta', 78, 2000),
(3327, 'New Beetle', 78, 2000),
(3328, 'Passat', 78, 2000),
(3329, 'rio', 78, 2000),
(3330, 'C70', 79, 2000),
(3331, 'S40', 79, 2000),
(3332, 'S70', 79, 2000),
(3333, 'S80', 79, 2000),
(3334, 'V40', 79, 2000),
(3335, 'V70', 79, 2000),
(3342, 'A4', 5, 2001),
(3343, 'A6', 5, 2001),
(3344, 'A8', 5, 2001),
(3345, 'Allroad', 5, 2001),
(3346, 'S4', 5, 2001),
(3347, 'S8', 5, 2001),
(3348, 'TT', 5, 2001),
(3349, '3 Series', 8, 2001),
(3350, '5 Series', 8, 2001),
(3351, '525', 8, 2001),
(3352, '530', 8, 2001),
(3353, '7 Series', 8, 2001),
(3354, 'M', 8, 2001),
(3355, 'M3', 8, 2001),
(3356, 'M5', 8, 2001),
(3357, 'X5', 8, 2001),
(3358, 'Z3', 8, 2001),
(3359, 'Z8', 8, 2001),
(3368, 'Astro', 12, 2001),
(3369, 'Blazer', 12, 2001),
(3370, 'Camaro', 12, 2001),
(3371, 'Cavalier', 12, 2001),
(3372, 'Corvette', 12, 2001),
(3373, 'Express 1500', 12, 2001),
(3374, 'Express 2500', 12, 2001),
(3375, 'Express 3500', 12, 2001),
(3376, 'Impala', 12, 2001),
(3377, 'Lumina', 12, 2001),
(3378, 'Malibu', 12, 2001),
(3379, 'Metro', 12, 2001),
(3380, 'Monte Carlo', 12, 2001),
(3381, 'Prizm', 12, 2001),
(3382, 'S10', 12, 2001),
(3383, 'Silverado', 12, 2001),
(3384, 'Silverado 1500', 12, 2001),
(3385, 'Silverado 2500', 12, 2001),
(3386, 'Silverado 3500', 12, 2001),
(3387, 'Suburban 1500', 12, 2001),
(3388, 'Suburban 2500', 12, 2001),
(3389, 'Tahoe', 12, 2001),
(3390, 'Tracker', 12, 2001),
(3391, 'Venture', 12, 2001),
(3419, 'Crown Victoria', 25, 2001),
(3420, 'E-Series', 25, 2001),
(3421, 'Econoline E150', 25, 2001),
(3422, 'Econoline E250', 25, 2001),
(3423, 'Econoline E350', 25, 2001),
(3424, 'Escape', 25, 2001),
(3425, 'Escort', 25, 2001),
(3426, 'Excursion', 25, 2001),
(3427, 'Expedition', 25, 2001),
(3428, 'Explorer', 25, 2001),
(3429, 'Explorer Sport', 25, 2001),
(3430, 'Explorer Sport Trac', 25, 2001),
(3431, 'F-Series', 25, 2001),
(3432, 'F150', 25, 2001),
(3433, 'F250', 25, 2001),
(3434, 'F350', 25, 2001),
(3435, 'Fiesta', 25, 2001),
(3436, 'Focus', 25, 2001),
(3437, 'Mustang', 25, 2001),
(3438, 'Ranger', 25, 2001),
(3439, 'Taurus', 25, 2001),
(3440, 'TH!NK', 25, 2001),
(3441, 'Windstar', 25, 2001),
(3442, 'ZX2', 25, 2001),
(3443, 'Jimmy', 27, 2001),
(3444, 'Safari', 27, 2001),
(3445, 'Savana 1500', 27, 2001),
(3446, 'Savana 2500', 27, 2001),
(3447, 'Savana 3500', 27, 2001),
(3448, 'Sierra 1500', 27, 2001),
(3449, 'Sierra 2500', 27, 2001),
(3450, 'Sierra 3500', 27, 2001),
(3451, 'Sonoma', 27, 2001),
(3452, 'Yukon', 27, 2001),
(3453, 'Yukon XL 1500', 27, 2001),
(3454, 'Yukon XL 2500', 27, 2001),
(3455, 'Accord', 30, 2001),
(3456, 'Civic', 30, 2001),
(3457, 'CR-V', 30, 2001),
(3458, 'Insight', 30, 2001),
(3459, 'Odyssey', 30, 2001),
(3460, 'Passport', 30, 2001),
(3461, 'Prelude', 30, 2001),
(3462, 'S2000', 30, 2001),
(3464, 'Accent', 32, 2001),
(3465, 'Elantra', 32, 2001),
(3466, 'Santa Fe', 32, 2001),
(3467, 'Sonata', 32, 2001),
(3468, 'Tiburon', 32, 2001),
(3469, 'XG300', 32, 2001),
(3474, 'Rodeo', 34, 2001),
(3475, 'Rodeo Sport', 34, 2001),
(3476, 'Trooper', 34, 2001),
(3477, 'VehiCROSS', 34, 2001),
(3478, 'S-Type', 35, 2001),
(3479, 'XJ Series', 35, 2001),
(3480, 'XK Series', 35, 2001),
(3481, 'Cherokee', 36, 2001),
(3482, 'Grand Cherokee', 36, 2001),
(3483, 'Wrangler', 36, 2001),
(3484, 'Optima', 38, 2001),
(3485, 'Rio', 38, 2001),
(3486, 'Sephia', 38, 2001),
(3487, 'Spectra', 38, 2001),
(3488, 'Sportage', 38, 2001),
(3505, '626', 46, 2001),
(3506, 'B-Series', 46, 2001),
(3507, 'B-Series Plus', 46, 2001),
(3508, 'B2500', 46, 2001),
(3509, 'Miata MX-5', 46, 2001),
(3510, 'Millenia', 46, 2001),
(3511, 'MPV', 46, 2001),
(3512, 'MX-5', 46, 2001),
(3513, 'Protege', 46, 2001),
(3514, 'Tribute', 46, 2001),
(3515, 'C-Class', 48, 2001),
(3516, 'CL-Class', 48, 2001),
(3517, 'CLK-Class', 48, 2001),
(3518, 'E-Class', 48, 2001),
(3519, 'M-Class', 48, 2001),
(3520, 'S-Class', 48, 2001),
(3521, 'SL-Class', 48, 2001),
(3522, 'SLK-Class', 48, 2001),
(3528, 'Challenger', 53, 2001),
(3529, 'Diamante', 53, 2001),
(3530, 'Eclipse', 53, 2001),
(3531, 'Galant', 53, 2001),
(3532, 'Lancer', 53, 2001),
(3533, 'Mirage', 53, 2001),
(3534, 'Montero', 53, 2001),
(3535, 'Montero Sport', 53, 2001),
(3536, 'Pajero', 53, 2001),
(3537, 'Altima', 55, 2001),
(3538, 'Frontier', 55, 2001),
(3539, 'Maxima', 55, 2001),
(3540, 'Pathfinder', 55, 2001),
(3541, 'Quest', 55, 2001),
(3542, 'Sentra', 55, 2001),
(3543, 'Xterra', 55, 2001),
(3557, '911', 61, 2001),
(3558, 'Boxster', 61, 2001),
(3567, 'Esteem', 75, 2001),
(3568, 'Grand Vitara', 75, 2001),
(3569, 'Swift', 75, 2001),
(3570, 'Vitara', 75, 2001),
(3571, 'XL-7', 75, 2001),
(3572, '4Runner', 77, 2001),
(3573, 'Avalon', 77, 2001),
(3574, 'Camry', 77, 2001),
(3575, 'Celica', 77, 2001),
(3576, 'Corolla', 77, 2001),
(3577, 'Echo', 77, 2001),
(3578, 'Highlander', 77, 2001),
(3579, 'Land Cruiser', 77, 2001),
(3580, 'MR2', 77, 2001),
(3581, 'Prius', 77, 2001),
(3582, 'RAV4', 77, 2001),
(3583, 'Sequoia', 77, 2001),
(3584, 'Sienna', 77, 2001),
(3585, 'Solara', 77, 2001),
(3586, 'Tacoma', 77, 2001),
(3587, 'Tacoma Xtra', 77, 2001),
(3588, 'Tundra', 77, 2001),
(3589, 'Cabriolet', 78, 2001),
(3590, 'Eurovan', 78, 2001),
(3591, 'Golf', 78, 2001),
(3592, 'GTI', 78, 2001),
(3593, 'Jetta', 78, 2001),
(3594, 'New Beetle', 78, 2001),
(3595, 'Passat', 78, 2001),
(3596, 'rio', 78, 2001),
(3597, 'C70', 79, 2001),
(3598, 'S40', 79, 2001),
(3599, 'S60', 79, 2001),
(3600, 'S80', 79, 2001),
(3601, 'V40', 79, 2001),
(3602, 'V70', 79, 2001),
(3609, 'A4', 5, 2002),
(3610, 'A6', 5, 2002),
(3611, 'A8', 5, 2002),
(3612, 'Allroad', 5, 2002),
(3613, 'S4', 5, 2002),
(3614, 'S6', 5, 2002),
(3615, 'S8', 5, 2002),
(3616, 'TT', 5, 2002),
(3617, '3 Series', 8, 2002),
(3618, '5 Series', 8, 2002),
(3619, '525', 8, 2002),
(3620, '530', 8, 2002),
(3621, '7 Series', 8, 2002),
(3622, '745', 8, 2002),
(3623, 'M', 8, 2002),
(3624, 'M3', 8, 2002),
(3625, 'M5', 8, 2002),
(3626, 'X5', 8, 2002),
(3627, 'Z3', 8, 2002),
(3628, 'Z8', 8, 2002),
(3639, 'Astro', 12, 2002),
(3640, 'Avalanche', 12, 2002),
(3641, 'Avalanche 1500', 12, 2002),
(3642, 'Avalanche 2500', 12, 2002),
(3643, 'Blazer', 12, 2002),
(3644, 'Camaro', 12, 2002),
(3645, 'Cavalier', 12, 2002),
(3646, 'Corvette', 12, 2002),
(3647, 'Express 1500', 12, 2002),
(3648, 'Express 2500', 12, 2002),
(3649, 'Express 3500', 12, 2002),
(3650, 'Impala', 12, 2002),
(3651, 'Malibu', 12, 2002),
(3652, 'Monte Carlo', 12, 2002),
(3653, 'Prizm', 12, 2002),
(3654, 'S10', 12, 2002),
(3655, 'Silverado', 12, 2002),
(3656, 'Silverado 1500', 12, 2002),
(3657, 'Silverado 2500', 12, 2002),
(3658, 'Silverado 3500', 12, 2002),
(3659, 'Suburban 1500', 12, 2002),
(3660, 'Suburban 2500', 12, 2002),
(3661, 'Tahoe', 12, 2002),
(3662, 'Tracker', 12, 2002),
(3663, 'Trailblazer', 12, 2002),
(3664, 'Venture', 12, 2002),
(3690, 'Crown Victoria', 25, 2002),
(3691, 'E-Series', 25, 2002),
(3692, 'Econoline E150', 25, 2002),
(3693, 'Econoline E250', 25, 2002),
(3694, 'Econoline E350', 25, 2002),
(3695, 'Escape', 25, 2002),
(3696, 'Escort', 25, 2002),
(3697, 'Excursion', 25, 2002),
(3698, 'Expedition', 25, 2002),
(3699, 'Explorer', 25, 2002),
(3700, 'Explorer Sport', 25, 2002),
(3701, 'Explorer Sport Trac', 25, 2002),
(3702, 'F-Series', 25, 2002),
(3703, 'F150', 25, 2002),
(3704, 'F250', 25, 2002),
(3705, 'F350', 25, 2002),
(3706, 'Focus', 25, 2002),
(3707, 'Mustang', 25, 2002),
(3708, 'Ranger', 25, 2002),
(3709, 'Taurus', 25, 2002),
(3710, 'Th!nk', 25, 2002),
(3711, 'Thunderbird', 25, 2002),
(3712, 'Windstar', 25, 2002),
(3713, 'ZX2', 25, 2002),
(3714, 'Envoy', 27, 2002),
(3715, 'Envoy XL', 27, 2002),
(3716, 'Safari', 27, 2002),
(3717, 'Savana 1500', 27, 2002),
(3718, 'Savana 2500', 27, 2002),
(3719, 'Savana 3500', 27, 2002),
(3720, 'Sierra 1500', 27, 2002),
(3721, 'Sierra 2500', 27, 2002),
(3722, 'Sierra 3500', 27, 2002),
(3723, 'Sonoma', 27, 2002),
(3724, 'Yukon', 27, 2002),
(3725, 'Yukon XL 1500', 27, 2002),
(3726, 'Yukon XL 2500', 27, 2002),
(3727, 'Accord', 30, 2002),
(3728, 'Civic', 30, 2002),
(3729, 'CR-V', 30, 2002),
(3730, 'Insight', 30, 2002),
(3731, 'Odyssey', 30, 2002),
(3732, 'Passport', 30, 2002),
(3733, 'Pilot', 30, 2002),
(3734, 'S2000', 30, 2002),
(3736, 'Accent', 32, 2002),
(3737, 'Elantra', 32, 2002),
(3738, 'Santa Fe', 32, 2002),
(3739, 'Sonata', 32, 2002),
(3740, 'XG350', 32, 2002),
(3745, 'Axiom', 34, 2002),
(3746, 'Rodeo', 34, 2002),
(3747, 'Rodeo Sport', 34, 2002),
(3748, 'Trooper', 34, 2002),
(3749, 'S-Type', 35, 2002),
(3750, 'X-Type', 35, 2002),
(3751, 'XJ Series', 35, 2002),
(3752, 'XK Series', 35, 2002),
(3753, 'Grand Cherokee', 36, 2002),
(3754, 'Liberty', 36, 2002),
(3755, 'Wrangler', 36, 2002),
(3756, 'Optima', 38, 2002),
(3757, 'Rio', 38, 2002),
(3758, 'Sedona', 38, 2002),
(3759, 'Spectra', 38, 2002),
(3760, 'Sportage', 38, 2002),
(3780, '626', 46, 2002),
(3781, 'B-Series', 46, 2002),
(3782, 'B-Series Plus', 46, 2002),
(3783, 'Miata MX-5', 46, 2002),
(3784, 'Millenia', 46, 2002),
(3785, 'MPV', 46, 2002),
(3786, 'MX-5', 46, 2002),
(3787, 'Protege', 46, 2002),
(3788, 'Protege5', 46, 2002),
(3789, 'Tribute', 46, 2002),
(3790, 'C-Class', 48, 2002),
(3791, 'CL-Class', 48, 2002),
(3792, 'CLK-Class', 48, 2002),
(3793, 'E-Class', 48, 2002),
(3794, 'G-Class', 48, 2002),
(3795, 'M-Class', 48, 2002),
(3796, 'S-Class', 48, 2002),
(3797, 'SL-Class', 48, 2002),
(3798, 'SLK-Class', 48, 2002),
(3804, 'Cooper', 52, 2002),
(3805, 'MINI', 52, 2002),
(3806, 'Challenger', 53, 2002),
(3807, 'Diamante', 53, 2002),
(3808, 'Eclipse', 53, 2002),
(3809, 'Galant', 53, 2002),
(3810, 'Lancer', 53, 2002),
(3811, 'Lancer Evolution', 53, 2002),
(3812, 'Mirage', 53, 2002),
(3813, 'Montero', 53, 2002),
(3814, 'Montero Sport', 53, 2002),
(3815, 'Pajero', 53, 2002),
(3816, 'Altima', 55, 2002),
(3817, 'Frontier', 55, 2002),
(3818, 'Maxima', 55, 2002),
(3819, 'Pathfinder', 55, 2002),
(3820, 'Quest', 55, 2002),
(3821, 'Sentra', 55, 2002),
(3822, 'Xterra', 55, 2002),
(3835, '911', 61, 2002),
(3836, 'Boxster', 61, 2002),
(3847, 'Aerio', 75, 2002),
(3848, 'Esteem', 75, 2002),
(3849, 'Grand Vitara', 75, 2002),
(3850, 'Vitara', 75, 2002),
(3851, 'XL-7', 75, 2002),
(3852, '4Runner', 77, 2002),
(3853, 'Avalon', 77, 2002),
(3854, 'Camry', 77, 2002),
(3855, 'Celica', 77, 2002),
(3856, 'Corolla', 77, 2002),
(3857, 'Echo', 77, 2002),
(3858, 'Highlander', 77, 2002),
(3859, 'Land Cruiser', 77, 2002),
(3860, 'MR2', 77, 2002),
(3861, 'Prius', 77, 2002),
(3862, 'RAV4', 77, 2002),
(3863, 'Sequoia', 77, 2002),
(3864, 'Sienna', 77, 2002),
(3865, 'Solara', 77, 2002),
(3866, 'Tacoma', 77, 2002),
(3867, 'Tacoma Xtra', 77, 2002),
(3868, 'Tundra', 77, 2002),
(3869, 'Cabriolet', 78, 2002),
(3870, 'Eurovan', 78, 2002),
(3871, 'Golf', 78, 2002),
(3872, 'GTI', 78, 2002),
(3873, 'Jetta', 78, 2002),
(3874, 'New Beetle', 78, 2002),
(3875, 'Passat', 78, 2002),
(3876, 'rio', 78, 2002),
(3877, 'C70', 79, 2002),
(3878, 'S40', 79, 2002),
(3879, 'S60', 79, 2002),
(3880, 'S80', 79, 2002),
(3881, 'V40', 79, 2002),
(3882, 'V70', 79, 2002),
(3889, 'A4', 5, 2003),
(3890, 'A6', 5, 2003),
(3891, 'A8', 5, 2003),
(3892, 'Allroad', 5, 2003),
(3893, 'RS 6', 5, 2003),
(3894, 'RS6', 5, 2003),
(3895, 'S6', 5, 2003),
(3896, 'S8', 5, 2003),
(3897, 'TT', 5, 2003),
(3898, '3 Series', 8, 2003),
(3899, '5 Series', 8, 2003),
(3900, '525', 8, 2003),
(3901, '530', 8, 2003),
(3902, '7 Series', 8, 2003),
(3903, '745', 8, 2003),
(3904, '760', 8, 2003),
(3905, 'M3', 8, 2003),
(3906, 'M5', 8, 2003),
(3907, 'X5', 8, 2003),
(3908, 'Z4', 8, 2003),
(3909, 'Z8', 8, 2003),
(3921, 'Astro', 12, 2003),
(3922, 'Avalanche 1500', 12, 2003),
(3923, 'Avalanche 2500', 12, 2003),
(3924, 'Blazer', 12, 2003),
(3925, 'Cavalier', 12, 2003),
(3926, 'Corvette', 12, 2003),
(3927, 'Express 1500', 12, 2003),
(3928, 'Express 2500', 12, 2003),
(3929, 'Express 3500', 12, 2003),
(3930, 'Impala', 12, 2003),
(3931, 'Malibu', 12, 2003),
(3932, 'Monte Carlo', 12, 2003),
(3933, 'S10', 12, 2003),
(3934, 'Silverado', 12, 2003),
(3935, 'Silverado 1500', 12, 2003),
(3936, 'Silverado 2500', 12, 2003),
(3937, 'Silverado 3500', 12, 2003),
(3938, 'SSR', 12, 2003),
(3939, 'Suburban 1500', 12, 2003),
(3940, 'Suburban 2500', 12, 2003),
(3941, 'Tahoe', 12, 2003),
(3942, 'Tracker', 12, 2003),
(3943, 'TrailBlazer', 12, 2003),
(3944, 'Venture', 12, 2003),
(3967, 'Crown Victoria', 25, 2003),
(3968, 'E-Series', 25, 2003),
(3969, 'E150', 25, 2003),
(3970, 'E250', 25, 2003),
(3971, 'E350', 25, 2003),
(3972, 'Escape', 25, 2003),
(3973, 'Escort ZX2', 25, 2003),
(3974, 'Excursion', 25, 2003),
(3975, 'Expedition', 25, 2003),
(3976, 'Explorer', 25, 2003),
(3977, 'Explorer Sport', 25, 2003),
(3978, 'Explorer Sport Trac', 25, 2003),
(3979, 'F-Series', 25, 2003),
(3980, 'F150', 25, 2003),
(3981, 'F250', 25, 2003),
(3982, 'F350', 25, 2003),
(3983, 'Focus', 25, 2003),
(3984, 'Freestar', 25, 2003),
(3985, 'Mustang', 25, 2003),
(3986, 'Ranger', 25, 2003),
(3987, 'Taurus', 25, 2003),
(3988, 'Thunderbird', 25, 2003),
(3989, 'Windstar', 25, 2003),
(3990, 'ZX2', 25, 2003),
(3991, 'Envoy', 27, 2003),
(3992, 'Envoy XL', 27, 2003),
(3993, 'Safari', 27, 2003),
(3994, 'Savana 1500', 27, 2003),
(3995, 'Savana 2500', 27, 2003),
(3996, 'Savana 3500', 27, 2003),
(3997, 'Sierra 1500', 27, 2003),
(3998, 'Sierra 2500', 27, 2003),
(3999, 'Sierra 3500', 27, 2003),
(4000, 'Sonoma', 27, 2003),
(4001, 'Yukon', 27, 2003),
(4002, 'Yukon XL 1500', 27, 2003),
(4003, 'Yukon XL 2500', 27, 2003),
(4004, 'Accord', 30, 2003),
(4005, 'Civic', 30, 2003),
(4006, 'Civic GX', 30, 2003),
(4007, 'Civic Si', 30, 2003),
(4008, 'CR-V', 30, 2003),
(4009, 'Element', 30, 2003),
(4010, 'Insight', 30, 2003),
(4011, 'Odyssey', 30, 2003),
(4012, 'Pilot', 30, 2003),
(4013, 'S2000', 30, 2003),
(4016, 'Accent', 32, 2003),
(4017, 'Elantra', 32, 2003),
(4018, 'Santa Fe', 32, 2003),
(4019, 'Sonata', 32, 2003),
(4020, 'Tiburon', 32, 2003),
(4021, 'XG350', 32, 2003),
(4029, 'Ascender', 34, 2003),
(4030, 'Axiom', 34, 2003),
(4031, 'Rodeo', 34, 2003),
(4032, 'Rodeo Sport', 34, 2003),
(4033, 'S-Type', 35, 2003),
(4034, 'X-Type', 35, 2003),
(4035, 'XJ Series', 35, 2003),
(4036, 'XK Series', 35, 2003),
(4037, 'Grand Cherokee', 36, 2003),
(4038, 'Liberty', 36, 2003),
(4039, 'Wrangler', 36, 2003),
(4040, 'Optima', 38, 2003),
(4041, 'Rio', 38, 2003),
(4042, 'Sedona', 38, 2003),
(4043, 'Sorento', 38, 2003),
(4044, 'Spectra', 38, 2003),
(4067, 'B-Series', 46, 2003),
(4068, 'B-Series Plus', 46, 2003),
(4069, 'Mazda6', 46, 2003),
(4070, 'Miata MX-5', 46, 2003),
(4071, 'MPV', 46, 2003),
(4072, 'MX-5', 46, 2003),
(4073, 'Protege', 46, 2003),
(4074, 'Protege5', 46, 2003),
(4075, 'Tribute', 46, 2003),
(4076, 'C-Class', 48, 2003),
(4077, 'CL-Class', 48, 2003),
(4078, 'CLK-Class', 48, 2003),
(4079, 'E-Class', 48, 2003),
(4080, 'G-Class', 48, 2003),
(4081, 'M-Class', 48, 2003),
(4082, 'S-Class', 48, 2003),
(4083, 'SL-Class', 48, 2003),
(4084, 'SLK-Class', 48, 2003),
(4089, 'Cooper', 52, 2003),
(4090, 'Challenger', 53, 2003),
(4091, 'Diamante', 53, 2003),
(4092, 'Eclipse', 53, 2003),
(4093, 'Galant', 53, 2003),
(4094, 'Lancer', 53, 2003),
(4095, 'Lancer Evolution', 53, 2003),
(4096, 'Montero', 53, 2003),
(4097, 'Montero Sport', 53, 2003),
(4098, 'Outlander', 53, 2003),
(4099, 'Pajero', 53, 2003),
(4100, '350Z', 55, 2003),
(4101, 'Altima', 55, 2003),
(4102, 'Frontier', 55, 2003),
(4103, 'Maxima', 55, 2003),
(4104, 'Murano', 55, 2003),
(4105, 'Pathfinder', 55, 2003),
(4106, 'Sentra', 55, 2003),
(4107, 'Xterra', 55, 2003),
(4119, '911', 61, 2003),
(4120, 'Boxster', 61, 2003),
(4121, 'Cayenne', 61, 2003),
(4132, 'Aerio', 75, 2003),
(4133, 'Grand Vitara', 75, 2003),
(4134, 'Vitara', 75, 2003),
(4135, 'XL-7', 75, 2003),
(4136, '4Runner', 77, 2003),
(4137, 'Avalon', 77, 2003),
(4138, 'Camry', 77, 2003),
(4139, 'Celica', 77, 2003),
(4140, 'Corolla', 77, 2003),
(4141, 'Echo', 77, 2003),
(4142, 'Highlander', 77, 2003),
(4143, 'Land Cruiser', 77, 2003),
(4144, 'Matrix', 77, 2003),
(4145, 'MR2', 77, 2003),
(4146, 'Prius', 77, 2003),
(4147, 'RAV4', 77, 2003),
(4148, 'Sequoia', 77, 2003),
(4149, 'Sienna', 77, 2003),
(4150, 'Solara', 77, 2003),
(4151, 'Tacoma', 77, 2003),
(4152, 'Tacoma Xtra', 77, 2003),
(4153, 'Tundra', 77, 2003),
(4154, 'Eurovan', 78, 2003),
(4155, 'Golf', 78, 2003),
(4156, 'GTI', 78, 2003),
(4157, 'Jetta', 78, 2003),
(4158, 'New Beetle', 78, 2003),
(4159, 'Passat', 78, 2003),
(4160, 'Touareg', 78, 2003),
(4161, 'C70', 79, 2003),
(4162, 'S40', 79, 2003),
(4163, 'S60', 79, 2003),
(4164, 'S80', 79, 2003),
(4165, 'V40', 79, 2003),
(4166, 'V70', 79, 2003),
(4167, 'XC70', 79, 2003),
(4168, 'XC90', 79, 2003),
(4175, 'A4', 5, 2004),
(4176, 'A6', 5, 2004),
(4177, 'A8', 5, 2004),
(4178, 'Allroad', 5, 2004),
(4179, 'S4', 5, 2004),
(4180, 'TT', 5, 2004),
(4181, '3 Series', 8, 2004),
(4182, '325', 8, 2004),
(4183, '5 Series', 8, 2004),
(4184, '525', 8, 2004),
(4185, '530', 8, 2004),
(4186, '545', 8, 2004),
(4187, '6 Series', 8, 2004),
(4188, '645', 8, 2004),
(4189, '7 Series', 8, 2004),
(4190, '745', 8, 2004),
(4191, '760', 8, 2004),
(4192, 'M3', 8, 2004),
(4193, 'X3', 8, 2004),
(4194, 'X5', 8, 2004),
(4195, 'Z4', 8, 2004),
(4210, 'Astro', 12, 2004),
(4211, 'Avalanche 1500', 12, 2004),
(4212, 'Avalanche 2500', 12, 2004),
(4213, 'Aveo', 12, 2004),
(4214, 'Blazer', 12, 2004),
(4215, 'Cavalier', 12, 2004),
(4216, 'Classic', 12, 2004),
(4217, 'Colorado', 12, 2004),
(4218, 'Corvette', 12, 2004),
(4219, 'Express 1500', 12, 2004),
(4220, 'Express 2500', 12, 2004),
(4221, 'Express 3500', 12, 2004),
(4222, 'Impala', 12, 2004),
(4223, 'Malibu', 12, 2004),
(4224, 'Monte Carlo', 12, 2004),
(4225, 'S10', 12, 2004),
(4226, 'Silverado 1500', 12, 2004),
(4227, 'Silverado 2500', 12, 2004),
(4228, 'Silverado 3500', 12, 2004),
(4229, 'SSR', 12, 2004),
(4230, 'Suburban 1500', 12, 2004),
(4231, 'Suburban 2500', 12, 2004),
(4232, 'Tahoe', 12, 2004),
(4233, 'Tracker', 12, 2004),
(4234, 'TrailBlazer', 12, 2004),
(4235, 'Venture', 12, 2004),
(4256, 'Crown Victoria', 25, 2004),
(4257, 'E-Series', 25, 2004),
(4258, 'E150', 25, 2004),
(4259, 'E250', 25, 2004),
(4260, 'E350', 25, 2004),
(4261, 'Escape', 25, 2004),
(4262, 'Escort', 25, 2004),
(4263, 'Excursion', 25, 2004),
(4264, 'Expedition', 25, 2004),
(4265, 'Explorer', 25, 2004),
(4266, 'Explorer Sport Trac', 25, 2004),
(4267, 'F-Series', 25, 2004),
(4268, 'F150', 25, 2004),
(4269, 'F250', 25, 2004),
(4270, 'F350', 25, 2004),
(4271, 'Focus', 25, 2004),
(4272, 'Freestar', 25, 2004),
(4273, 'Mustang', 25, 2004),
(4274, 'Ranger', 25, 2004),
(4275, 'Taurus', 25, 2004),
(4276, 'Thunderbird', 25, 2004),
(4277, 'Windstar', 25, 2004),
(4278, 'Canyon', 27, 2004),
(4279, 'Envoy', 27, 2004),
(4280, 'Envoy XL', 27, 2004),
(4281, 'Envoy XUV', 27, 2004),
(4282, 'Safari', 27, 2004),
(4283, 'Savana 1500', 27, 2004),
(4284, 'Savana 2500', 27, 2004),
(4285, 'Savana 3500', 27, 2004),
(4286, 'Sierra 1500', 27, 2004),
(4287, 'Sierra 2500', 27, 2004),
(4288, 'Sierra 3500', 27, 2004),
(4289, 'Sonoma', 27, 2004),
(4290, 'Yukon', 27, 2004),
(4291, 'Yukon XL 1500', 27, 2004),
(4292, 'Yukon XL 2500', 27, 2004),
(4294, 'Accord', 30, 2004),
(4295, 'Civic', 30, 2004),
(4296, 'CR-V', 30, 2004),
(4297, 'Element', 30, 2004),
(4298, 'Insight', 30, 2004),
(4299, 'Odyssey', 30, 2004),
(4300, 'Pilot', 30, 2004),
(4301, 'S2000', 30, 2004),
(4304, 'Accent', 32, 2004),
(4305, 'Elantra', 32, 2004),
(4306, 'Santa Fe', 32, 2004),
(4307, 'Sonata', 32, 2004),
(4308, 'Tiburon', 32, 2004),
(4309, 'XG350', 32, 2004),
(4317, 'Ascender', 34, 2004),
(4318, 'Axiom', 34, 2004),
(4319, 'Rodeo', 34, 2004),
(4320, 'S-Type', 35, 2004),
(4321, 'X-Type', 35, 2004),
(4322, 'XJ Series', 35, 2004),
(4323, 'XK Series', 35, 2004),
(4324, 'Grand Cherokee', 36, 2004),
(4325, 'Liberty', 36, 2004),
(4326, 'Wrangler', 36, 2004),
(4327, 'Amanti', 38, 2004),
(4328, 'Optima', 38, 2004),
(4329, 'Rio', 38, 2004),
(4330, 'Sedona', 38, 2004),
(4331, 'Sorento', 38, 2004),
(4332, 'Spectra', 38, 2004),
(4356, 'B-Series', 46, 2004),
(4357, 'B-Series Plus', 46, 2004),
(4358, 'Mazda3', 46, 2004),
(4359, 'Mazda6', 46, 2004),
(4360, 'Miata MX-5', 46, 2004),
(4361, 'MPV', 46, 2004),
(4362, 'MX-5', 46, 2004),
(4363, 'RX-8', 46, 2004),
(4364, 'Tribute', 46, 2004),
(4365, 'C-Class', 48, 2004),
(4366, 'CL-Class', 48, 2004),
(4367, 'CLK-Class', 48, 2004),
(4368, 'E-Class', 48, 2004),
(4369, 'G-Class', 48, 2004),
(4370, 'M-Class', 48, 2004),
(4371, 'S-Class', 48, 2004),
(4372, 'SL-Class', 48, 2004),
(4373, 'SLK-Class', 48, 2004),
(4379, 'Cooper', 52, 2004),
(4380, 'Challenger', 53, 2004),
(4381, 'Diamante', 53, 2004),
(4382, 'Eclipse', 53, 2004),
(4383, 'Endeavor', 53, 2004),
(4384, 'Galant', 53, 2004),
(4385, 'Lancer', 53, 2004),
(4386, 'Lancer Evolution', 53, 2004),
(4387, 'Montero', 53, 2004),
(4388, 'Montero Sport', 53, 2004),
(4389, 'Outlander', 53, 2004),
(4390, 'Pajero', 53, 2004),
(4391, '350Z', 55, 2004),
(4392, 'Altima', 55, 2004),
(4393, 'Frontier', 55, 2004),
(4394, 'Maxima', 55, 2004),
(4395, 'Murano', 55, 2004),
(4396, 'Pathfinder', 55, 2004),
(4397, 'Pathfinder Armada', 55, 2004),
(4398, 'Quest', 55, 2004),
(4399, 'Sentra', 55, 2004),
(4400, 'Titan', 55, 2004),
(4401, 'Xterra', 55, 2004),
(4413, '911', 61, 2004),
(4414, 'Boxster', 61, 2004),
(4415, 'Carrera GT', 61, 2004),
(4416, 'Cayenne', 61, 2004),
(4432, 'Aerio', 75, 2004),
(4433, 'Daewoo Lacetti', 75, 2004),
(4434, 'Daewoo Magnus', 75, 2004),
(4435, 'Forenza', 75, 2004),
(4436, 'Grand Vitara', 75, 2004),
(4437, 'Swift', 75, 2004),
(4438, 'Verona', 75, 2004),
(4439, 'Vitara', 75, 2004),
(4440, 'XL-7', 75, 2004),
(4441, '4Runner', 77, 2004),
(4442, 'Avalon', 77, 2004),
(4443, 'Camry', 77, 2004),
(4444, 'Celica', 77, 2004),
(4445, 'Corolla', 77, 2004),
(4446, 'Echo', 77, 2004),
(4447, 'Highlander', 77, 2004),
(4448, 'Land Cruiser', 77, 2004),
(4449, 'Matrix', 77, 2004),
(4450, 'MR2', 77, 2004),
(4451, 'Prius', 77, 2004),
(4452, 'RAV4', 77, 2004),
(4453, 'Sequoia', 77, 2004),
(4454, 'Sienna', 77, 2004),
(4455, 'Solara', 77, 2004),
(4456, 'Tacoma', 77, 2004),
(4457, 'Tacoma Xtra', 77, 2004),
(4458, 'Tundra', 77, 2004),
(4459, 'Golf', 78, 2004),
(4460, 'GTI', 78, 2004),
(4461, 'Jetta', 78, 2004),
(4462, 'New Beetle', 78, 2004),
(4463, 'Passat', 78, 2004),
(4464, 'Phaeton', 78, 2004),
(4465, 'R32', 78, 2004),
(4466, 'Touareg', 78, 2004),
(4467, 'C70', 79, 2004),
(4468, 'S40', 79, 2004),
(4469, 'S60', 79, 2004),
(4470, 'S80', 79, 2004),
(4471, 'V40', 79, 2004),
(4472, 'V70', 79, 2004),
(4473, 'XC70', 79, 2004),
(4474, 'XC90', 79, 2004),
(4483, 'A4', 5, 2005),
(4484, 'A6', 5, 2005),
(4485, 'A8', 5, 2005),
(4486, 'Allroad', 5, 2005),
(4487, 'S4', 5, 2005),
(4488, 'TT', 5, 2005),
(4491, '3 Series', 8, 2005),
(4492, '325', 8, 2005),
(4493, '330', 8, 2005),
(4494, '5 Series', 8, 2005),
(4495, '525', 8, 2005),
(4496, '530', 8, 2005),
(4497, '545', 8, 2005),
(4498, '6 Series', 8, 2005),
(4499, '645', 8, 2005),
(4500, '7 Series', 8, 2005),
(4501, '745', 8, 2005),
(4502, '760', 8, 2005),
(4503, 'M3', 8, 2005),
(4504, 'X3', 8, 2005),
(4505, 'X5', 8, 2005),
(4506, 'Z4', 8, 2005),
(4522, 'Astro', 12, 2005),
(4523, 'Avalanche 1500', 12, 2005),
(4524, 'Avalanche 2500', 12, 2005),
(4525, 'Aveo', 12, 2005),
(4526, 'Blazer', 12, 2005),
(4527, 'Cavalier', 12, 2005),
(4528, 'Classic', 12, 2005),
(4529, 'Cobalt', 12, 2005),
(4530, 'Colorado', 12, 2005),
(4531, 'Corvette', 12, 2005),
(4532, 'Equinox', 12, 2005),
(4533, 'Express 1500', 12, 2005),
(4534, 'Express 2500', 12, 2005),
(4535, 'Express 3500', 12, 2005),
(4536, 'Impala', 12, 2005),
(4537, 'Malibu', 12, 2005),
(4538, 'Monte Carlo', 12, 2005),
(4539, 'Silverado 1500', 12, 2005),
(4540, 'Silverado 2500', 12, 2005),
(4541, 'Silverado 3500', 12, 2005),
(4542, 'SSR', 12, 2005),
(4543, 'Suburban 1500', 12, 2005),
(4544, 'Suburban 2500', 12, 2005),
(4545, 'Tahoe', 12, 2005),
(4546, 'TrailBlazer', 12, 2005),
(4547, 'Uplander', 12, 2005),
(4548, 'Venture', 12, 2005),
(4568, 'Crown Victoria', 25, 2005),
(4569, 'E-Series', 25, 2005),
(4570, 'E150', 25, 2005),
(4571, 'E250', 25, 2005),
(4572, 'E350', 25, 2005),
(4573, 'Escape', 25, 2005),
(4574, 'Excursion', 25, 2005),
(4575, 'Expedition', 25, 2005),
(4576, 'Explorer', 25, 2005),
(4577, 'Explorer Sport Trac', 25, 2005),
(4578, 'F-Series', 25, 2005),
(4579, 'F150', 25, 2005),
(4580, 'F250', 25, 2005),
(4581, 'F350', 25, 2005),
(4582, 'Five Hundred', 25, 2005),
(4583, 'Focus', 25, 2005),
(4584, 'Freestar', 25, 2005),
(4585, 'Freestyle', 25, 2005),
(4586, 'GT', 25, 2005),
(4587, 'Mustang', 25, 2005),
(4588, 'Ranger', 25, 2005),
(4589, 'Taurus', 25, 2005),
(4590, 'Thunderbird', 25, 2005),
(4591, 'Canyon', 27, 2005),
(4592, 'Envoy', 27, 2005),
(4593, 'Envoy XL', 27, 2005),
(4594, 'Envoy XUV', 27, 2005),
(4595, 'Safari', 27, 2005),
(4596, 'Savana 1500', 27, 2005),
(4597, 'Savana 2500', 27, 2005),
(4598, 'Savana 3500', 27, 2005),
(4599, 'Sierra 1500', 27, 2005),
(4600, 'Sierra 2500', 27, 2005),
(4601, 'Sierra 3500', 27, 2005),
(4602, 'Yukon', 27, 2005),
(4603, 'Yukon XL 1500', 27, 2005),
(4604, 'Yukon XL 2500', 27, 2005),
(4605, 'Accord', 30, 2005),
(4606, 'Civic', 30, 2005),
(4607, 'Civic Si', 30, 2005),
(4608, 'CR-V', 30, 2005),
(4609, 'Element', 30, 2005),
(4610, 'Insight', 30, 2005),
(4611, 'Odyssey', 30, 2005),
(4612, 'Pilot', 30, 2005),
(4613, 'S2000', 30, 2005),
(4615, 'Accent', 32, 2005),
(4616, 'Elantra', 32, 2005),
(4617, 'Santa Fe', 32, 2005),
(4618, 'Sonata', 32, 2005),
(4619, 'Tiburon', 32, 2005),
(4620, 'Tucson', 32, 2005),
(4621, 'XG350', 32, 2005),
(4626, 'Ascender', 34, 2005),
(4627, 'S-Type', 35, 2005),
(4628, 'X-Type', 35, 2005),
(4629, 'XJ Series', 35, 2005),
(4630, 'XK Series', 35, 2005),
(4631, 'Grand Cherokee', 36, 2005),
(4632, 'Liberty', 36, 2005),
(4633, 'Wrangler', 36, 2005),
(4634, 'Amanti', 38, 2005),
(4635, 'Optima', 38, 2005),
(4636, 'Rio', 38, 2005),
(4637, 'Sedona', 38, 2005),
(4638, 'Sorento', 38, 2005),
(4639, 'Spectra', 38, 2005),
(4640, 'Sportage', 38, 2005),
(4669, 'B-Series', 46, 2005),
(4670, 'Mazda3', 46, 2005),
(4671, 'Mazda6', 46, 2005),
(4672, 'Miata MX-5', 46, 2005),
(4673, 'MPV', 46, 2005),
(4674, 'MX-5', 46, 2005),
(4675, 'RX-8', 46, 2005),
(4676, 'Tribute', 46, 2005),
(4677, 'C-Class', 48, 2005),
(4678, 'CL-Class', 48, 2005),
(4679, 'CLK-Class', 48, 2005),
(4680, 'E-Class', 48, 2005),
(4681, 'G-Class', 48, 2005),
(4682, 'M-Class', 48, 2005),
(4683, 'S-Class', 48, 2005),
(4684, 'SL-Class', 48, 2005),
(4685, 'SLK-Class', 48, 2005),
(4686, 'SLR McLaren', 48, 2005),
(4693, 'Cooper', 52, 2005),
(4694, 'Diamante', 53, 2005),
(4695, 'Eclipse', 53, 2005),
(4696, 'Endeavor', 53, 2005),
(4697, 'Galant', 53, 2005),
(4698, 'Lancer', 53, 2005),
(4699, 'Lancer Evolution', 53, 2005),
(4700, 'Montero', 53, 2005),
(4701, 'Outlander', 53, 2005),
(4702, 'Pajero', 53, 2005),
(4703, '350Z', 55, 2005),
(4704, 'Altima', 55, 2005),
(4705, 'Armada', 55, 2005),
(4706, 'Frontier', 55, 2005),
(4707, 'Maxima', 55, 2005),
(4708, 'Murano', 55, 2005),
(4709, 'Pathfinder', 55, 2005),
(4710, 'Quest', 55, 2005),
(4711, 'Sentra', 55, 2005),
(4712, 'Titan', 55, 2005),
(4713, 'Xterra', 55, 2005),
(4727, '911', 61, 2005),
(4728, 'Boxster', 61, 2005),
(4729, 'Carrera GT', 61, 2005),
(4730, 'Cayenne', 61, 2005),
(4749, 'Aerio', 75, 2005),
(4750, 'Daewoo Lacetti', 75, 2005),
(4751, 'Daewoo Magnus', 75, 2005),
(4752, 'Forenza', 75, 2005),
(4753, 'Grand Vitara', 75, 2005),
(4754, 'Reno', 75, 2005),
(4755, 'Swift', 75, 2005),
(4756, 'Verona', 75, 2005),
(4757, 'XL-7', 75, 2005),
(4758, '4Runner', 77, 2005),
(4759, 'Avalon', 77, 2005),
(4760, 'Camry', 77, 2005),
(4761, 'Celica', 77, 2005),
(4762, 'Corolla', 77, 2005),
(4763, 'Echo', 77, 2005),
(4764, 'Highlander', 77, 2005),
(4765, 'Land Cruiser', 77, 2005),
(4766, 'Matrix', 77, 2005),
(4767, 'MR2', 77, 2005),
(4768, 'Prius', 77, 2005),
(4769, 'RAV4', 77, 2005),
(4770, 'Sequoia', 77, 2005),
(4771, 'Sienna', 77, 2005),
(4772, 'Solara', 77, 2005),
(4773, 'Tacoma', 77, 2005),
(4774, 'Tundra', 77, 2005),
(4775, 'Golf', 78, 2005),
(4776, 'GTI', 78, 2005),
(4777, 'Jetta', 78, 2005),
(4778, 'New Beetle', 78, 2005),
(4779, 'Passat', 78, 2005),
(4780, 'Phaeton', 78, 2005),
(4781, 'Touareg', 78, 2005),
(4782, 'S40', 79, 2005),
(4783, 'S60', 79, 2005),
(4784, 'S80', 79, 2005),
(4785, 'V50', 79, 2005),
(4786, 'V70', 79, 2005),
(4787, 'XC70', 79, 2005),
(4788, 'XC90', 79, 2005),
(4799, 'A3', 5, 2006),
(4800, 'A4', 5, 2006),
(4801, 'A6', 5, 2006),
(4802, 'A8', 5, 2006),
(4803, 'S4', 5, 2006),
(4804, 'S8', 5, 2006),
(4805, 'TT', 5, 2006),
(4811, '3 Series', 8, 2006),
(4812, '325', 8, 2006),
(4813, '330', 8, 2006),
(4814, '5 Series', 8, 2006),
(4815, '525', 8, 2006),
(4816, '530', 8, 2006),
(4817, '550', 8, 2006),
(4818, '6 Series', 8, 2006),
(4819, '650', 8, 2006),
(4820, '7 Series', 8, 2006),
(4821, '750', 8, 2006),
(4822, '760', 8, 2006),
(4823, 'M Roadster', 8, 2006),
(4824, 'M3', 8, 2006),
(4825, 'M5', 8, 2006),
(4826, 'M6', 8, 2006),
(4827, 'X3', 8, 2006),
(4828, 'X5', 8, 2006),
(4829, 'Z4', 8, 2006),
(4830, 'Z4 M', 8, 2006),
(4847, 'Avalanche', 12, 2006),
(4848, 'Avalanche 1500', 12, 2006),
(4849, 'Avalanche 2500', 12, 2006),
(4850, 'Aveo', 12, 2006),
(4851, 'Cobalt', 12, 2006),
(4852, 'Colorado', 12, 2006),
(4853, 'Corvette', 12, 2006),
(4854, 'Equinox', 12, 2006),
(4855, 'Express', 12, 2006),
(4856, 'Express 1500', 12, 2006),
(4857, 'Express 2500', 12, 2006),
(4858, 'Express 3500', 12, 2006),
(4859, 'HHR', 12, 2006),
(4860, 'HHR Panel', 12, 2006),
(4861, 'Impala', 12, 2006),
(4862, 'Malibu', 12, 2006),
(4863, 'Malibu Maxx', 12, 2006),
(4864, 'Monte Carlo', 12, 2006),
(4865, 'Silverado', 12, 2006),
(4866, 'Silverado 1500', 12, 2006),
(4867, 'Silverado 2500', 12, 2006),
(4868, 'Silverado 3500', 12, 2006),
(4869, 'Silverado 3500HD', 12, 2006),
(4870, 'Silverado Hybrid', 12, 2006),
(4871, 'SSR', 12, 2006),
(4872, 'Suburban', 12, 2006),
(4873, 'Suburban 1500', 12, 2006),
(4874, 'Suburban 2500', 12, 2006),
(4875, 'Tahoe', 12, 2006),
(4876, 'Trailblazer', 12, 2006),
(4877, 'Uplander', 12, 2006),
(4901, 'Crown Victoria', 25, 2006),
(4902, 'E-350 Super Duty', 25, 2006),
(4903, 'E-350 Super Duty Van', 25, 2006),
(4904, 'E-Series', 25, 2006),
(4905, 'E150', 25, 2006),
(4906, 'E250', 25, 2006),
(4907, 'E350', 25, 2006),
(4908, 'Escape', 25, 2006),
(4909, 'Expedition', 25, 2006),
(4910, 'Explorer', 25, 2006),
(4911, 'Explorer Sport Trac', 25, 2006),
(4912, 'F-250 Super Duty', 25, 2006),
(4913, 'F-350 Super Duty', 25, 2006),
(4914, 'F-Series', 25, 2006),
(4915, 'F150', 25, 2006),
(4916, 'F250', 25, 2006),
(4917, 'F350', 25, 2006),
(4918, 'Five Hundred', 25, 2006),
(4919, 'Focus', 25, 2006),
(4920, 'Freestar', 25, 2006),
(4921, 'Freestyle', 25, 2006),
(4922, 'Fusion', 25, 2006),
(4923, 'GT', 25, 2006),
(4924, 'Mustang', 25, 2006),
(4925, 'Ranger', 25, 2006),
(4926, 'Taurus', 25, 2006),
(4927, 'Thunderbird', 25, 2006),
(4928, 'Canyon', 27, 2006),
(4929, 'Envoy', 27, 2006),
(4930, 'Envoy XL', 27, 2006),
(4931, 'Savana', 27, 2006),
(4932, 'Savana 1500', 27, 2006),
(4933, 'Savana 2500', 27, 2006),
(4934, 'Savana 3500', 27, 2006),
(4935, 'Savana Cargo Van', 27, 2006),
(4936, 'Sierra 1500', 27, 2006),
(4937, 'Sierra 2500', 27, 2006),
(4938, 'Sierra 2500HD', 27, 2006),
(4939, 'Sierra 3500', 27, 2006),
(4940, 'Sierra 3500HD', 27, 2006),
(4941, 'Sierra Denali', 27, 2006),
(4942, 'Sierra Hybrid', 27, 2006),
(4943, 'Yukon', 27, 2006),
(4944, 'Yukon Denali', 27, 2006),
(4945, 'Yukon XL', 27, 2006),
(4946, 'Yukon XL 1500', 27, 2006),
(4947, 'Yukon XL 2500', 27, 2006),
(4948, 'Accord', 30, 2006),
(4949, 'Civic', 30, 2006),
(4950, 'Civic Si', 30, 2006),
(4951, 'CR-V', 30, 2006),
(4952, 'Element', 30, 2006),
(4953, 'Insight', 30, 2006),
(4954, 'Odyssey', 30, 2006),
(4955, 'Pilot', 30, 2006),
(4956, 'Ridgeline', 30, 2006),
(4957, 'S2000', 30, 2006),
(4963, 'Accent', 32, 2006),
(4964, 'Azera', 32, 2006),
(4965, 'Elantra', 32, 2006),
(4966, 'Santa Fe', 32, 2006),
(4967, 'Sonata', 32, 2006),
(4968, 'Tiburon', 32, 2006),
(4969, 'Tucson', 32, 2006),
(4976, 'Ascender', 34, 2006),
(4977, 'i-280', 34, 2006),
(4978, 'i-350', 34, 2006),
(4979, 'i-Series', 34, 2006),
(4980, 'S-Type', 35, 2006),
(4981, 'X-Type', 35, 2006),
(4982, 'XJ', 35, 2006),
(4983, 'XK', 35, 2006),
(4984, 'Commander', 36, 2006),
(4985, 'Grand Cherokee', 36, 2006),
(4986, 'Liberty', 36, 2006),
(4987, 'Wrangler', 36, 2006),
(4988, 'Amanti', 38, 2006),
(4989, 'Optima', 38, 2006),
(4990, 'Rio', 38, 2006),
(4991, 'Sedona', 38, 2006),
(4992, 'Sorento', 38, 2006),
(4993, 'Spectra', 38, 2006),
(4994, 'Spectra5', 38, 2006),
(4995, 'Sportage', 38, 2006),
(5024, 'B-Series', 46, 2006),
(5025, 'Mazda3', 46, 2006),
(5026, 'Mazda5', 46, 2006),
(5027, 'Mazda6', 46, 2006),
(5028, 'Mazda6 5-Door', 46, 2006),
(5029, 'Mazda6 Sport', 46, 2006),
(5030, 'Mazdaspeed6', 46, 2006),
(5031, 'Miata MX-5', 46, 2006),
(5032, 'MPV', 46, 2006),
(5033, 'MX-5', 46, 2006),
(5034, 'RX-8', 46, 2006),
(5035, 'Tribute', 46, 2006),
(5036, 'C-Class', 48, 2006),
(5037, 'CL-Class', 48, 2006),
(5038, 'CLK-Class', 48, 2006),
(5039, 'CLS-Class', 48, 2006),
(5040, 'E-Class', 48, 2006),
(5041, 'G-Class', 48, 2006),
(5042, 'G55 AMG', 48, 2006),
(5043, 'M-Class', 48, 2006),
(5044, 'R-Class', 48, 2006),
(5045, 'S-Class', 48, 2006),
(5046, 'SL-Class', 48, 2006),
(5047, 'SL65 AMG', 48, 2006),
(5048, 'SLK-Class', 48, 2006),
(5049, 'SLR McLaren', 48, 2006),
(5056, 'Cooper', 52, 2006),
(5057, 'Eclipse', 53, 2006),
(5058, 'Endeavor', 53, 2006),
(5059, 'Galant', 53, 2006),
(5060, 'Lancer', 53, 2006),
(5061, 'Lancer Evolution', 53, 2006),
(5062, 'Montero', 53, 2006),
(5063, 'Outlander', 53, 2006),
(5064, 'Pajero', 53, 2006),
(5065, 'Raider', 53, 2006),
(5067, '350Z', 55, 2006),
(5068, '350Z Roadster', 55, 2006),
(5069, 'Altima', 55, 2006),
(5070, 'Armada', 55, 2006),
(5071, 'Frontier', 55, 2006),
(5072, 'Maxima', 55, 2006),
(5073, 'Murano', 55, 2006),
(5074, 'Pathfinder', 55, 2006),
(5075, 'Quest', 55, 2006),
(5076, 'Sentra', 55, 2006),
(5077, 'Titan', 55, 2006),
(5078, 'Xterra', 55, 2006),
(5080, '207', 58, 2006),
(5090, '911', 61, 2006),
(5091, 'Boxster', 61, 2006),
(5092, 'Cayenne', 61, 2006),
(5093, 'Cayman', 61, 2006),
(5114, 'Aerio', 75, 2006),
(5115, 'Daewoo Lacetti', 75, 2006),
(5116, 'Daewoo Magnus', 75, 2006),
(5117, 'Forenza', 75, 2006),
(5118, 'Grand Vitara', 75, 2006),
(5119, 'Reno', 75, 2006),
(5120, 'Swift', 75, 2006),
(5121, 'Verona', 75, 2006),
(5122, 'XL-7', 75, 2006),
(5123, 'XL7', 75, 2006),
(5124, '4Runner', 77, 2006),
(5125, 'Avalon', 77, 2006),
(5126, 'Camry', 77, 2006),
(5127, 'Camry Solara', 77, 2006),
(5128, 'Corolla', 77, 2006),
(5129, 'Highlander', 77, 2006),
(5130, 'Land Cruiser', 77, 2006),
(5131, 'Matrix', 77, 2006),
(5132, 'Prius', 77, 2006),
(5133, 'RAV4', 77, 2006),
(5134, 'Sequoia', 77, 2006),
(5135, 'Sienna', 77, 2006),
(5136, 'Solara', 77, 2006),
(5137, 'Tacoma', 77, 2006),
(5138, 'Tundra', 77, 2006),
(5139, 'Yaris', 77, 2006),
(5140, 'Golf', 78, 2006),
(5141, 'GTI', 78, 2006),
(5142, 'Jetta', 78, 2006),
(5143, 'New Beetle', 78, 2006),
(5144, 'Passat', 78, 2006),
(5145, 'Phaeton', 78, 2006),
(5146, 'Rabbit', 78, 2006),
(5147, 'Touareg', 78, 2006),
(5148, 'C70', 79, 2006),
(5149, 'S40', 79, 2006),
(5150, 'S60', 79, 2006),
(5151, 'S80', 79, 2006),
(5152, 'V50', 79, 2006),
(5153, 'V70', 79, 2006),
(5154, 'XC70', 79, 2006),
(5155, 'XC90', 79, 2006),
(5164, 'A3', 5, 2007),
(5165, 'A4', 5, 2007),
(5166, 'A6', 5, 2007),
(5167, 'A8', 5, 2007),
(5168, 'Q7', 5, 2007),
(5169, 'RS 4', 5, 2007),
(5170, 'RS4', 5, 2007),
(5171, 'S4', 5, 2007),
(5172, 'S6', 5, 2007),
(5173, 'S8', 5, 2007),
(5180, '3 Series', 8, 2007),
(5181, '5 Series', 8, 2007),
(5182, '530', 8, 2007),
(5183, '6 Series', 8, 2007),
(5184, '7 Series', 8, 2007),
(5185, 'Alpina B7', 8, 2007),
(5186, 'M Roadster', 8, 2007),
(5187, 'M5', 8, 2007),
(5188, 'M6', 8, 2007),
(5189, 'X3', 8, 2007),
(5190, 'X5', 8, 2007),
(5191, 'Z4 M', 8, 2007),
(5207, 'Avalanche', 12, 2007),
(5208, 'Aveo', 12, 2007),
(5209, 'Cobalt', 12, 2007),
(5210, 'Cobalt SS', 12, 2007),
(5211, 'Colorado', 12, 2007),
(5212, 'Corvette', 12, 2007),
(5213, 'Equinox', 12, 2007),
(5214, 'Express', 12, 2007),
(5215, 'Express 1500', 12, 2007),
(5216, 'Express 2500', 12, 2007),
(5217, 'Express 3500', 12, 2007),
(5218, 'HHR', 12, 2007),
(5219, 'Impala', 12, 2007),
(5220, 'Malibu', 12, 2007),
(5221, 'Monte Carlo', 12, 2007),
(5222, 'Silverado', 12, 2007),
(5223, 'Silverado 1500', 12, 2007),
(5224, 'Silverado 2500', 12, 2007),
(5225, 'Silverado 3500', 12, 2007),
(5226, 'Suburban', 12, 2007),
(5227, 'Suburban 1500', 12, 2007),
(5228, 'Suburban 2500', 12, 2007),
(5229, 'Tahoe', 12, 2007),
(5230, 'Trailblazer', 12, 2007),
(5231, 'Uplander', 12, 2007),
(5256, 'Crown Victoria', 25, 2007),
(5257, 'E-Series', 25, 2007),
(5258, 'E150', 25, 2007),
(5259, 'E250', 25, 2007),
(5260, 'E350', 25, 2007),
(5261, 'Edge', 25, 2007),
(5262, 'Escape', 25, 2007),
(5263, 'Expedition', 25, 2007),
(5264, 'Expedition EL', 25, 2007),
(5265, 'Explorer', 25, 2007),
(5266, 'Explorer Sport Trac', 25, 2007),
(5267, 'F-Series', 25, 2007),
(5268, 'F-Series Super Duty', 25, 2007),
(5269, 'F150', 25, 2007),
(5270, 'F250', 25, 2007),
(5271, 'F350', 25, 2007),
(5272, 'Five Hundred', 25, 2007),
(5273, 'Focus', 25, 2007),
(5274, 'Freestar', 25, 2007),
(5275, 'Freestyle', 25, 2007),
(5276, 'Fusion', 25, 2007),
(5277, 'GT500', 25, 2007),
(5278, 'Mustang', 25, 2007),
(5279, 'Ranger', 25, 2007),
(5280, 'Taurus', 25, 2007),
(5281, 'Acadia', 27, 2007),
(5282, 'Canyon', 27, 2007),
(5283, 'Envoy', 27, 2007),
(5284, 'Savana', 27, 2007),
(5285, 'Savana 1500', 27, 2007),
(5286, 'Savana 2500', 27, 2007),
(5287, 'Savana 3500', 27, 2007),
(5288, 'Sierra', 27, 2007),
(5289, 'Sierra 1500', 27, 2007),
(5290, 'Sierra 2500', 27, 2007),
(5291, 'Sierra 3500', 27, 2007),
(5292, 'Yukon', 27, 2007),
(5293, 'Yukon XL 1500', 27, 2007),
(5294, 'Yukon XL 2500', 27, 2007),
(5295, 'Accord', 30, 2007),
(5296, 'Civic', 30, 2007),
(5297, 'CR-V', 30, 2007),
(5298, 'Element', 30, 2007),
(5299, 'Fit', 30, 2007),
(5300, 'Odyssey', 30, 2007),
(5301, 'Pilot', 30, 2007),
(5302, 'Ridgeline', 30, 2007),
(5303, 'S2000', 30, 2007),
(5306, 'Accent', 32, 2007),
(5307, 'Azera', 32, 2007),
(5308, 'Elantra', 32, 2007),
(5309, 'Entourage', 32, 2007),
(5310, 'Santa Fe', 32, 2007),
(5311, 'Sonata', 32, 2007),
(5312, 'Tiburon', 32, 2007),
(5313, 'Tucson', 32, 2007),
(5314, 'Veracruz', 32, 2007),
(5321, 'Ascender', 34, 2007),
(5322, 'i-290', 34, 2007),
(5323, 'i-370', 34, 2007),
(5324, 'i-Series', 34, 2007),
(5325, 'S-Type', 35, 2007),
(5326, 'X-Type', 35, 2007),
(5327, 'XJ', 35, 2007),
(5328, 'XK', 35, 2007),
(5329, 'Commander', 36, 2007),
(5330, 'Compass', 36, 2007),
(5331, 'Grand Cherokee', 36, 2007),
(5332, 'Liberty', 36, 2007),
(5333, 'Patriot', 36, 2007),
(5334, 'Wrangler', 36, 2007),
(5335, 'Amanti', 38, 2007),
(5336, 'Carens', 38, 2007),
(5337, 'Optima', 38, 2007),
(5338, 'Rio', 38, 2007),
(5339, 'Rondo', 38, 2007),
(5340, 'Sedona', 38, 2007),
(5341, 'Sorento', 38, 2007),
(5342, 'Spectra', 38, 2007),
(5343, 'Sportage', 38, 2007),
(5370, 'B-Series', 46, 2007),
(5371, 'CX-7', 46, 2007),
(5372, 'CX-9', 46, 2007),
(5373, 'Mazda3', 46, 2007),
(5374, 'Mazda5', 46, 2007),
(5375, 'Mazda6', 46, 2007),
(5376, 'Mazdaspeed 3', 46, 2007),
(5377, 'Mazdaspeed6', 46, 2007),
(5378, 'Miata MX-5', 46, 2007),
(5379, 'MX-5', 46, 2007),
(5380, 'RX-8', 46, 2007),
(5381, 'C-Class', 48, 2007),
(5382, 'CL-Class', 48, 2007),
(5383, 'CLK-Class', 48, 2007),
(5384, 'CLS-Class', 48, 2007),
(5385, 'E-Class', 48, 2007),
(5386, 'G-Class', 48, 2007),
(5387, 'GL-Class', 48, 2007),
(5388, 'M-Class', 48, 2007),
(5389, 'R-Class', 48, 2007),
(5390, 'S-Class', 48, 2007),
(5391, 'SL-Class', 48, 2007),
(5392, 'SLK-Class', 48, 2007),
(5393, 'SLR McLaren', 48, 2007),
(5400, 'Cooper', 52, 2007),
(5401, 'Eclipse', 53, 2007),
(5402, 'Endeavor', 53, 2007),
(5403, 'Galant', 53, 2007),
(5404, 'Lancer', 53, 2007),
(5405, 'Outlander', 53, 2007),
(5406, 'Raider', 53, 2007),
(5408, '350Z', 55, 2007),
(5409, 'Altima', 55, 2007),
(5410, 'Armada', 55, 2007),
(5411, 'Frontier', 55, 2007),
(5412, 'Maxima', 55, 2007),
(5413, 'Murano', 55, 2007),
(5414, 'Pathfinder', 55, 2007),
(5415, 'Quest', 55, 2007),
(5416, 'Sentra', 55, 2007),
(5417, 'Titan', 55, 2007),
(5418, 'Versa', 55, 2007),
(5419, 'Xterra', 55, 2007),
(5421, '207', 58, 2007),
(5428, '911', 61, 2007),
(5429, 'Boxster', 61, 2007),
(5430, 'Cayman', 61, 2007),
(5449, 'Aerio', 75, 2007),
(5450, 'Daewoo Lacetti', 75, 2007),
(5451, 'Forenza', 75, 2007),
(5452, 'Grand Vitara', 75, 2007),
(5453, 'Reno', 75, 2007),
(5454, 'SX4', 75, 2007),
(5455, 'XL-7', 75, 2007),
(5456, 'XL7', 75, 2007),
(5457, '4Runner', 77, 2007),
(5458, 'Avalon', 77, 2007),
(5459, 'Camry', 77, 2007),
(5460, 'Camry Hybrid', 77, 2007),
(5461, 'Camry Solara', 77, 2007),
(5462, 'Corolla', 77, 2007),
(5463, 'FJ Cruiser', 77, 2007),
(5464, 'Highlander', 77, 2007),
(5465, 'Highlander Hybrid', 77, 2007),
(5466, 'Land Cruiser', 77, 2007),
(5467, 'Matrix', 77, 2007),
(5468, 'Prius', 77, 2007),
(5469, 'RAV4', 77, 2007),
(5470, 'Sequoia', 77, 2007),
(5471, 'Sienna', 77, 2007),
(5472, 'Solara', 77, 2007),
(5473, 'Tacoma', 77, 2007),
(5474, 'Tundra', 77, 2007),
(5475, 'TundraMax', 77, 2007),
(5476, 'Yaris', 77, 2007),
(5477, 'Eos', 78, 2007),
(5478, 'GTI', 78, 2007),
(5479, 'Jetta', 78, 2007),
(5480, 'New Beetle', 78, 2007),
(5481, 'Passat', 78, 2007),
(5482, 'Rabbit', 78, 2007),
(5483, 'Touareg', 78, 2007),
(5484, 'C70', 79, 2007),
(5485, 'S40', 79, 2007),
(5486, 'S60', 79, 2007),
(5487, 'S80', 79, 2007),
(5488, 'V50', 79, 2007),
(5489, 'V70', 79, 2007),
(5490, 'XC70', 79, 2007),
(5491, 'XC90', 79, 2007),
(5502, 'A3', 5, 2008),
(5503, 'A4', 5, 2008),
(5504, 'A5', 5, 2008),
(5505, 'A6', 5, 2008),
(5506, 'A8', 5, 2008),
(5507, 'Q7', 5, 2008),
(5508, 'R8', 5, 2008),
(5509, 'RS 4', 5, 2008),
(5510, 'RS4', 5, 2008),
(5511, 'S4', 5, 2008),
(5512, 'S5', 5, 2008),
(5513, 'S6', 5, 2008),
(5514, 'S8', 5, 2008),
(5515, 'TT', 5, 2008),
(5522, '1 Series', 8, 2008),
(5523, '3 Series', 8, 2008),
(5524, '5 Series', 8, 2008),
(5525, '6 Series', 8, 2008),
(5526, '7 Series', 8, 2008),
(5527, 'Alpina B7', 8, 2008),
(5528, 'M Roadster', 8, 2008),
(5529, 'M3', 8, 2008),
(5530, 'M5', 8, 2008),
(5531, 'M6', 8, 2008),
(5532, 'X3', 8, 2008),
(5533, 'X5', 8, 2008),
(5534, 'X6', 8, 2008),
(5535, 'Z4', 8, 2008),
(5536, 'Z4 M', 8, 2008),
(5550, 'Avalanche', 12, 2008),
(5551, 'Aveo', 12, 2008),
(5552, 'Cobalt', 12, 2008),
(5553, 'Cobalt SS', 12, 2008),
(5554, 'Colorado', 12, 2008),
(5555, 'Corvette', 12, 2008),
(5556, 'Equinox', 12, 2008),
(5557, 'Express', 12, 2008),
(5558, 'Express 1500', 12, 2008),
(5559, 'Express 2500', 12, 2008),
(5560, 'Express 3500', 12, 2008),
(5561, 'HHR', 12, 2008),
(5562, 'Impala', 12, 2008),
(5563, 'Malibu', 12, 2008),
(5564, 'Silverado', 12, 2008),
(5565, 'Silverado 1500', 12, 2008),
(5566, 'Silverado 2500', 12, 2008),
(5567, 'Silverado 3500', 12, 2008),
(5568, 'Suburban', 12, 2008),
(5569, 'Suburban 1500', 12, 2008),
(5570, 'Suburban 2500', 12, 2008),
(5571, 'Tahoe', 12, 2008),
(5572, 'Trailblazer', 12, 2008),
(5573, 'Uplander', 12, 2008),
(5601, 'Crown Victoria', 25, 2008),
(5602, 'E-Series', 25, 2008),
(5603, 'E150', 25, 2008),
(5604, 'E250', 25, 2008),
(5605, 'E350', 25, 2008),
(5606, 'Edge', 25, 2008),
(5607, 'Escape', 25, 2008),
(5608, 'Expedition', 25, 2008),
(5609, 'Expedition EL', 25, 2008),
(5610, 'Explorer', 25, 2008),
(5611, 'Explorer Sport Trac', 25, 2008),
(5612, 'F-Series', 25, 2008),
(5613, 'F-Series Super Duty', 25, 2008),
(5614, 'F150', 25, 2008),
(5615, 'F250', 25, 2008),
(5616, 'F350', 25, 2008),
(5617, 'F450', 25, 2008),
(5618, 'Focus', 25, 2008),
(5619, 'Fusion', 25, 2008),
(5620, 'GT500', 25, 2008),
(5621, 'Mustang', 25, 2008),
(5622, 'Ranger', 25, 2008),
(5623, 'Taurus', 25, 2008),
(5624, 'Taurus X', 25, 2008),
(5625, 'Acadia', 27, 2008),
(5626, 'Canyon', 27, 2008),
(5627, 'Envoy', 27, 2008),
(5628, 'Savana', 27, 2008),
(5629, 'Savana 1500', 27, 2008),
(5630, 'Savana 2500', 27, 2008),
(5631, 'Savana 3500', 27, 2008),
(5632, 'Sierra', 27, 2008),
(5633, 'Sierra 1500', 27, 2008),
(5634, 'Sierra 2500', 27, 2008),
(5635, 'Sierra 3500', 27, 2008),
(5636, 'Yukon', 27, 2008),
(5637, 'Yukon XL 1500', 27, 2008),
(5638, 'Yukon XL 2500', 27, 2008),
(5639, 'Accord', 30, 2008),
(5640, 'Civic', 30, 2008),
(5641, 'CR-V', 30, 2008),
(5642, 'Element', 30, 2008),
(5643, 'Fit', 30, 2008),
(5644, 'Odyssey', 30, 2008),
(5645, 'Pilot', 30, 2008),
(5646, 'Ridgeline', 30, 2008),
(5647, 'S2000', 30, 2008),
(5650, 'Accent', 32, 2008),
(5651, 'Azera', 32, 2008),
(5652, 'Elantra', 32, 2008),
(5653, 'Entourage', 32, 2008),
(5654, 'Santa Fe', 32, 2008),
(5655, 'Sonata', 32, 2008),
(5656, 'Tiburon', 32, 2008),
(5657, 'Tucson', 32, 2008),
(5658, 'Veracruz', 32, 2008),
(5667, 'Ascender', 34, 2008),
(5668, 'i-290', 34, 2008),
(5669, 'i-370', 34, 2008),
(5670, 'i-Series', 34, 2008),
(5671, 'S-Type', 35, 2008),
(5672, 'X-Type', 35, 2008),
(5673, 'XJ', 35, 2008),
(5674, 'XK', 35, 2008),
(5675, 'Commander', 36, 2008),
(5676, 'Compass', 36, 2008),
(5677, 'Grand Cherokee', 36, 2008),
(5678, 'Liberty', 36, 2008),
(5679, 'Patriot', 36, 2008),
(5680, 'Wrangler', 36, 2008),
(5681, 'Amanti', 38, 2008),
(5682, 'Carens', 38, 2008),
(5683, 'Optima', 38, 2008),
(5684, 'Rio', 38, 2008),
(5685, 'Rio5', 38, 2008),
(5686, 'Rondo', 38, 2008),
(5687, 'Sedona', 38, 2008),
(5688, 'Sorento', 38, 2008),
(5689, 'Spectra', 38, 2008),
(5690, 'Sportage', 38, 2008),
(5724, 'B-Series', 46, 2008),
(5725, 'CX-7', 46, 2008),
(5726, 'CX-9', 46, 2008),
(5727, 'Mazda3', 46, 2008),
(5728, 'Mazda5', 46, 2008),
(5729, 'Mazda6', 46, 2008),
(5730, 'Mazdaspeed 3', 46, 2008),
(5731, 'Miata MX-5', 46, 2008),
(5732, 'MX-5', 46, 2008),
(5733, 'RX-8', 46, 2008),
(5734, 'Tribute', 46, 2008),
(5735, 'C-Class', 48, 2008),
(5736, 'CL-Class', 48, 2008),
(5737, 'CLK-Class', 48, 2008),
(5738, 'CLS-Class', 48, 2008),
(5739, 'E-Class', 48, 2008),
(5740, 'G-Class', 48, 2008),
(5741, 'GL-Class', 48, 2008),
(5742, 'M-Class', 48, 2008),
(5743, 'R-Class', 48, 2008),
(5744, 'S-Class', 48, 2008),
(5745, 'SL-Class', 48, 2008),
(5746, 'SLK-Class', 48, 2008),
(5747, 'SLR McLaren', 48, 2008),
(5753, 'Clubman', 52, 2008),
(5754, 'Cooper', 52, 2008),
(5755, 'Cooper Clubman', 52, 2008),
(5756, 'Eclipse', 53, 2008),
(5757, 'Endeavor', 53, 2008),
(5758, 'Galant', 53, 2008),
(5759, 'Lancer', 53, 2008),
(5760, 'Lancer Evolution', 53, 2008),
(5761, 'Outlander', 53, 2008),
(5762, 'Raider', 53, 2008),
(5764, '350Z', 55, 2008),
(5765, 'Altima', 55, 2008),
(5766, 'Armada', 55, 2008),
(5767, 'Frontier', 55, 2008),
(5768, 'Maxima', 55, 2008),
(5769, 'Pathfinder', 55, 2008),
(5770, 'Quest', 55, 2008),
(5771, 'Rogue', 55, 2008),
(5772, 'Sentra', 55, 2008),
(5773, 'Titan', 55, 2008),
(5774, 'Versa', 55, 2008),
(5775, 'Xterra', 55, 2008),
(5784, '911', 61, 2008),
(5785, 'Boxster', 61, 2008),
(5786, 'Cayenne', 61, 2008),
(5787, 'Cayman', 61, 2008),
(5806, 'Daewoo Lacetti', 75, 2008),
(5807, 'Forenza', 75, 2008),
(5808, 'Grand Vitara', 75, 2008),
(5809, 'Reno', 75, 2008),
(5810, 'SX4', 75, 2008),
(5811, 'XL-7', 75, 2008),
(5812, 'XL7', 75, 2008),
(5813, '4Runner', 77, 2008),
(5814, 'Avalon', 77, 2008),
(5815, 'Camry', 77, 2008),
(5816, 'Camry Hybrid', 77, 2008),
(5817, 'Camry Solara', 77, 2008),
(5818, 'Corolla', 77, 2008),
(5819, 'FJ Cruiser', 77, 2008),
(5820, 'Highlander', 77, 2008),
(5821, 'Land Cruiser', 77, 2008),
(5822, 'Matrix', 77, 2008),
(5823, 'Prius', 77, 2008),
(5824, 'RAV4', 77, 2008),
(5825, 'Sequoia', 77, 2008),
(5826, 'Sienna', 77, 2008),
(5827, 'Solara', 77, 2008),
(5828, 'Tacoma', 77, 2008),
(5829, 'Tundra', 77, 2008),
(5830, 'TundraMax', 77, 2008),
(5831, 'Yaris', 77, 2008),
(5832, 'Eos', 78, 2008),
(5833, 'GLI', 78, 2008),
(5834, 'GTI', 78, 2008),
(5835, 'Jetta', 78, 2008),
(5836, 'New Beetle', 78, 2008),
(5837, 'Passat', 78, 2008),
(5838, 'R32', 78, 2008),
(5839, 'Rabbit', 78, 2008),
(5840, 'Touareg', 78, 2008),
(5841, 'Touareg 2', 78, 2008),
(5842, 'C30', 79, 2008),
(5843, 'C70', 79, 2008),
(5844, 'S40', 79, 2008),
(5845, 'S60', 79, 2008),
(5846, 'S80', 79, 2008),
(5847, 'V50', 79, 2008),
(5848, 'V70', 79, 2008),
(5849, 'XC70', 79, 2008),
(5850, 'XC90', 79, 2008),
(5862, 'A3', 5, 2009),
(5863, 'A4', 5, 2009),
(5864, 'A5', 5, 2009),
(5865, 'A6', 5, 2009),
(5866, 'A8', 5, 2009),
(5867, 'Q5', 5, 2009),
(5868, 'Q7', 5, 2009),
(5869, 'R8', 5, 2009),
(5870, 'S4', 5, 2009),
(5871, 'S5', 5, 2009),
(5872, 'S6', 5, 2009),
(5873, 'S8', 5, 2009),
(5874, 'TT', 5, 2009),
(5882, '1 Series', 8, 2009),
(5883, '3 Series', 8, 2009),
(5884, '5 Series', 8, 2009),
(5885, '6 Series', 8, 2009),
(5886, '7 Series', 8, 2009),
(5887, 'M3', 8, 2009),
(5888, 'M5', 8, 2009),
(5889, 'M6', 8, 2009),
(5890, 'X3', 8, 2009),
(5891, 'X5', 8, 2009),
(5892, 'X6', 8, 2009),
(5893, 'Z4', 8, 2009),
(5894, 'Z4 M', 8, 2009),
(5895, 'Z4 M Roadster', 8, 2009),
(5911, 'Avalanche', 12, 2009),
(5912, 'Aveo', 12, 2009),
(5913, 'Cobalt', 12, 2009),
(5914, 'Cobalt SS', 12, 2009),
(5915, 'Colorado', 12, 2009),
(5916, 'Corvette', 12, 2009),
(5917, 'Equinox', 12, 2009),
(5918, 'Express', 12, 2009),
(5919, 'Express 1500', 12, 2009),
(5920, 'Express 2500', 12, 2009),
(5921, 'Express 3500', 12, 2009),
(5922, 'HHR', 12, 2009),
(5923, 'Impala', 12, 2009),
(5924, 'Malibu', 12, 2009),
(5925, 'Silverado', 12, 2009),
(5926, 'Silverado 1500', 12, 2009),
(5927, 'Silverado 2500', 12, 2009),
(5928, 'Silverado 3500', 12, 2009),
(5929, 'Suburban', 12, 2009),
(5930, 'Suburban 1500', 12, 2009),
(5931, 'Suburban 2500', 12, 2009),
(5932, 'Tahoe', 12, 2009),
(5933, 'Trailblazer', 12, 2009),
(5934, 'Traverse', 12, 2009),
(5961, 'Crown Victoria', 25, 2009),
(5962, 'E-Series', 25, 2009),
(5963, 'E150', 25, 2009),
(5964, 'E250', 25, 2009),
(5965, 'E350', 25, 2009),
(5966, 'Edge', 25, 2009),
(5967, 'Escape', 25, 2009),
(5968, 'Expedition', 25, 2009),
(5969, 'Expedition EL', 25, 2009),
(5970, 'Explorer', 25, 2009),
(5971, 'Explorer Sport Trac', 25, 2009),
(5972, 'F-Series', 25, 2009),
(5973, 'F-Series Super Duty', 25, 2009),
(5974, 'F150', 25, 2009),
(5975, 'F250', 25, 2009),
(5976, 'F350', 25, 2009),
(5977, 'F450', 25, 2009),
(5978, 'Flex', 25, 2009),
(5979, 'Focus', 25, 2009),
(5980, 'Fusion', 25, 2009),
(5981, 'GT500', 25, 2009),
(5982, 'Mustang', 25, 2009),
(5983, 'Ranger', 25, 2009),
(5984, 'Taurus', 25, 2009),
(5985, 'Taurus X', 25, 2009),
(5986, 'Acadia', 27, 2009),
(5987, 'Canyon', 27, 2009),
(5988, 'Envoy', 27, 2009),
(5989, 'Savana', 27, 2009),
(5990, 'Savana 1500', 27, 2009),
(5991, 'Savana 2500', 27, 2009),
(5992, 'Savana 3500', 27, 2009),
(5993, 'Sierra', 27, 2009),
(5994, 'Sierra 1500', 27, 2009);
INSERT INTO `models` (`id`, `model`, `carId`, `year`) VALUES
(5995, 'Sierra 2500', 27, 2009),
(5996, 'Sierra 3500', 27, 2009),
(5997, 'Yukon', 27, 2009),
(5998, 'Yukon XL 1500', 27, 2009),
(5999, 'Yukon XL 2500', 27, 2009),
(6000, 'Accord', 30, 2009),
(6001, 'Civic', 30, 2009),
(6002, 'CR-V', 30, 2009),
(6003, 'Element', 30, 2009),
(6004, 'Fit', 30, 2009),
(6005, 'Odyssey', 30, 2009),
(6006, 'Pilot', 30, 2009),
(6007, 'Ridgeline', 30, 2009),
(6008, 'S2000', 30, 2009),
(6012, 'Accent', 32, 2009),
(6013, 'Azera', 32, 2009),
(6014, 'Elantra', 32, 2009),
(6015, 'Entourage', 32, 2009),
(6016, 'Genesis', 32, 2009),
(6017, 'Santa Fe', 32, 2009),
(6018, 'Sonata', 32, 2009),
(6019, 'Tiburon', 32, 2009),
(6020, 'Tucson', 32, 2009),
(6021, 'Veracruz', 32, 2009),
(6029, 'Ascender', 34, 2009),
(6030, 'XF', 35, 2009),
(6031, 'XJ', 35, 2009),
(6032, 'XK', 35, 2009),
(6033, 'Commander', 36, 2009),
(6034, 'Compass', 36, 2009),
(6035, 'Grand Cherokee', 36, 2009),
(6036, 'Liberty', 36, 2009),
(6037, 'Patriot', 36, 2009),
(6038, 'Wrangler', 36, 2009),
(6039, 'Amanti', 38, 2009),
(6040, 'Borrego', 38, 2009),
(6041, 'Carens', 38, 2009),
(6042, 'Mohave/Borrego', 38, 2009),
(6043, 'Optima', 38, 2009),
(6044, 'Rio', 38, 2009),
(6045, 'Rondo', 38, 2009),
(6046, 'Sedona', 38, 2009),
(6047, 'Sorento', 38, 2009),
(6048, 'Spectra', 38, 2009),
(6049, 'Sportage', 38, 2009),
(6080, 'B-Series', 46, 2009),
(6081, 'CX-7', 46, 2009),
(6082, 'CX-9', 46, 2009),
(6083, 'Mazda3', 46, 2009),
(6084, 'Mazda5', 46, 2009),
(6085, 'Mazda6', 46, 2009),
(6086, 'Mazdaspeed 3', 46, 2009),
(6087, 'Miata MX-5', 46, 2009),
(6088, 'MX-5', 46, 2009),
(6089, 'RX-8', 46, 2009),
(6090, 'Tribute', 46, 2009),
(6091, 'C-Class', 48, 2009),
(6092, 'CL-Class', 48, 2009),
(6093, 'CL65 AMG', 48, 2009),
(6094, 'CLK-Class', 48, 2009),
(6095, 'CLS-Class', 48, 2009),
(6096, 'E-Class', 48, 2009),
(6097, 'G-Class', 48, 2009),
(6098, 'GL-Class', 48, 2009),
(6099, 'M-Class', 48, 2009),
(6100, 'R-Class', 48, 2009),
(6101, 'S-Class', 48, 2009),
(6102, 'SL-Class', 48, 2009),
(6103, 'SLK-Class', 48, 2009),
(6104, 'SLK55 AMG', 48, 2009),
(6105, 'SLR McLaren', 48, 2009),
(6111, 'Clubman', 52, 2009),
(6112, 'Cooper', 52, 2009),
(6113, 'Cooper Clubman', 52, 2009),
(6114, 'Eclipse', 53, 2009),
(6115, 'Endeavor', 53, 2009),
(6116, 'Galant', 53, 2009),
(6117, 'Lancer', 53, 2009),
(6118, 'Outlander', 53, 2009),
(6119, 'Raider', 53, 2009),
(6120, 'Tundra', 53, 2009),
(6122, '350Z', 55, 2009),
(6123, '370Z', 55, 2009),
(6124, 'Altima', 55, 2009),
(6125, 'Armada', 55, 2009),
(6126, 'Cube', 55, 2009),
(6127, 'Frontier', 55, 2009),
(6128, 'GT-R', 55, 2009),
(6129, 'Maxima', 55, 2009),
(6130, 'Murano', 55, 2009),
(6131, 'Pathfinder', 55, 2009),
(6132, 'Quest', 55, 2009),
(6133, 'Rogue', 55, 2009),
(6134, 'Sentra', 55, 2009),
(6135, 'Titan', 55, 2009),
(6136, 'Versa', 55, 2009),
(6137, 'Xterra', 55, 2009),
(6145, '911', 61, 2009),
(6146, 'Boxster', 61, 2009),
(6147, 'Cayenne', 61, 2009),
(6148, 'Cayman', 61, 2009),
(6167, 'Equator', 75, 2009),
(6168, 'Grand Vitara', 75, 2009),
(6169, 'SX4', 75, 2009),
(6170, 'XL7', 75, 2009),
(6171, '4Runner', 77, 2009),
(6172, 'Avalon', 77, 2009),
(6173, 'Camry', 77, 2009),
(6174, 'Camry Hybrid', 77, 2009),
(6175, 'Corolla', 77, 2009),
(6176, 'FJ Cruiser', 77, 2009),
(6177, 'Highlander', 77, 2009),
(6178, 'Land Cruiser', 77, 2009),
(6179, 'Matrix', 77, 2009),
(6180, 'Prius', 77, 2009),
(6181, 'RAV4', 77, 2009),
(6182, 'Sequoia', 77, 2009),
(6183, 'Sienna', 77, 2009),
(6184, 'Tacoma', 77, 2009),
(6185, 'Tundra', 77, 2009),
(6186, 'TundraMax', 77, 2009),
(6187, 'Venza', 77, 2009),
(6188, 'Yaris', 77, 2009),
(6189, 'CC', 78, 2009),
(6190, 'Eos', 78, 2009),
(6191, 'GLI', 78, 2009),
(6192, 'GTI', 78, 2009),
(6193, 'Jetta', 78, 2009),
(6194, 'New Beetle', 78, 2009),
(6195, 'Passat', 78, 2009),
(6196, 'R32', 78, 2009),
(6197, 'Rabbit', 78, 2009),
(6198, 'Routan', 78, 2009),
(6199, 'Tiguan', 78, 2009),
(6200, 'Touareg', 78, 2009),
(6201, 'Touareg 2', 78, 2009),
(6202, 'C30', 79, 2009),
(6203, 'C70', 79, 2009),
(6204, 'S40', 79, 2009),
(6205, 'S60', 79, 2009),
(6206, 'S80', 79, 2009),
(6207, 'V50', 79, 2009),
(6208, 'V70', 79, 2009),
(6209, 'XC60', 79, 2009),
(6210, 'XC70', 79, 2009),
(6211, 'XC90', 79, 2009),
(6224, 'A3', 5, 2010),
(6225, 'A4', 5, 2010),
(6226, 'A5', 5, 2010),
(6227, 'A6', 5, 2010),
(6228, 'A8', 5, 2010),
(6229, 'Q5', 5, 2010),
(6230, 'Q7', 5, 2010),
(6231, 'R8', 5, 2010),
(6232, 'S4', 5, 2010),
(6233, 'S5', 5, 2010),
(6234, 'S6', 5, 2010),
(6235, 'TT', 5, 2010),
(6244, '1 Series', 8, 2010),
(6245, '3 Series', 8, 2010),
(6246, '5 Series', 8, 2010),
(6247, '6 Series', 8, 2010),
(6248, '7 Series', 8, 2010),
(6249, 'M3', 8, 2010),
(6250, 'M5', 8, 2010),
(6251, 'M6', 8, 2010),
(6252, 'X3', 8, 2010),
(6253, 'X5', 8, 2010),
(6254, 'X5 M', 8, 2010),
(6255, 'X6', 8, 2010),
(6256, 'X6 M', 8, 2010),
(6257, 'Z4', 8, 2010),
(6269, 'Avalanche', 12, 2010),
(6270, 'Aveo', 12, 2010),
(6271, 'Camaro', 12, 2010),
(6272, 'Cobalt', 12, 2010),
(6273, 'Colorado', 12, 2010),
(6274, 'Corvette', 12, 2010),
(6275, 'Equinox', 12, 2010),
(6276, 'Express', 12, 2010),
(6277, 'Express 1500', 12, 2010),
(6278, 'Express 2500', 12, 2010),
(6279, 'Express 3500', 12, 2010),
(6280, 'HHR', 12, 2010),
(6281, 'Impala', 12, 2010),
(6282, 'Malibu', 12, 2010),
(6283, 'Silverado', 12, 2010),
(6284, 'Silverado 1500', 12, 2010),
(6285, 'Silverado 2500', 12, 2010),
(6286, 'Silverado 3500', 12, 2010),
(6287, 'Suburban', 12, 2010),
(6288, 'Suburban 1500', 12, 2010),
(6289, 'Suburban 2500', 12, 2010),
(6290, 'Tahoe', 12, 2010),
(6291, 'Traverse', 12, 2010),
(6314, 'Crown Victoria', 25, 2010),
(6315, 'E-Series', 25, 2010),
(6316, 'E150', 25, 2010),
(6317, 'E250', 25, 2010),
(6318, 'E350', 25, 2010),
(6319, 'Edge', 25, 2010),
(6320, 'Escape', 25, 2010),
(6321, 'Expedition', 25, 2010),
(6322, 'Expedition EL', 25, 2010),
(6323, 'Explorer', 25, 2010),
(6324, 'Explorer Sport Trac', 25, 2010),
(6325, 'F-Series', 25, 2010),
(6326, 'F-Series Super Duty', 25, 2010),
(6327, 'F150', 25, 2010),
(6328, 'F250', 25, 2010),
(6329, 'F350', 25, 2010),
(6330, 'F450', 25, 2010),
(6331, 'Flex', 25, 2010),
(6332, 'Focus', 25, 2010),
(6333, 'Fusion', 25, 2010),
(6334, 'Mustang', 25, 2010),
(6335, 'Ranger', 25, 2010),
(6336, 'Taurus', 25, 2010),
(6337, 'Transit Connect', 25, 2010),
(6338, 'Acadia', 27, 2010),
(6339, 'Canyon', 27, 2010),
(6340, 'Savana', 27, 2010),
(6341, 'Savana 1500', 27, 2010),
(6342, 'Savana 2500', 27, 2010),
(6343, 'Savana 3500', 27, 2010),
(6344, 'Sierra', 27, 2010),
(6345, 'Sierra 1500', 27, 2010),
(6346, 'Sierra 2500', 27, 2010),
(6347, 'Sierra 3500', 27, 2010),
(6348, 'Terrain', 27, 2010),
(6349, 'Yukon', 27, 2010),
(6350, 'Yukon XL 1500', 27, 2010),
(6351, 'Yukon XL 2500', 27, 2010),
(6352, 'Accord', 30, 2010),
(6353, 'Accord Crosstour', 30, 2010),
(6354, 'Civic', 30, 2010),
(6355, 'CR-V', 30, 2010),
(6356, 'Element', 30, 2010),
(6357, 'Fit', 30, 2010),
(6358, 'Insight', 30, 2010),
(6359, 'Odyssey', 30, 2010),
(6360, 'Pilot', 30, 2010),
(6361, 'Ridgeline', 30, 2010),
(6364, 'Accent', 32, 2010),
(6365, 'Azera', 32, 2010),
(6366, 'Elantra', 32, 2010),
(6367, 'Genesis', 32, 2010),
(6368, 'Genesis Coupe', 32, 2010),
(6369, 'Santa Fe', 32, 2010),
(6370, 'Sonata', 32, 2010),
(6371, 'Tucson', 32, 2010),
(6372, 'Veracruz', 32, 2010),
(6380, 'XF', 35, 2010),
(6381, 'XJ', 35, 2010),
(6382, 'XK', 35, 2010),
(6383, 'Commander', 36, 2010),
(6384, 'Compass', 36, 2010),
(6385, 'Grand Cherokee', 36, 2010),
(6386, 'Liberty', 36, 2010),
(6387, 'Patriot', 36, 2010),
(6388, 'Wrangler', 36, 2010),
(6389, 'Forte', 38, 2010),
(6390, 'Optima', 38, 2010),
(6391, 'Rio', 38, 2010),
(6392, 'Rondo', 38, 2010),
(6393, 'Sedona', 38, 2010),
(6394, 'Soul', 38, 2010),
(6395, 'Sportage', 38, 2010),
(6433, 'CX-7', 46, 2010),
(6434, 'CX-9', 46, 2010),
(6435, 'Mazda3', 46, 2010),
(6436, 'Mazda5', 46, 2010),
(6437, 'Mazda6', 46, 2010),
(6438, 'Mazdaspeed 3', 46, 2010),
(6439, 'Miata MX-5', 46, 2010),
(6440, 'MX-5', 46, 2010),
(6441, 'RX-8', 46, 2010),
(6442, 'Tribute', 46, 2010),
(6443, 'C-Class', 48, 2010),
(6444, 'CL-Class', 48, 2010),
(6445, 'CLS-Class', 48, 2010),
(6446, 'E-Class', 48, 2010),
(6447, 'G-Class', 48, 2010),
(6448, 'GL-Class', 48, 2010),
(6449, 'GLK-Class', 48, 2010),
(6450, 'M-Class', 48, 2010),
(6451, 'R-Class', 48, 2010),
(6452, 'S-Class', 48, 2010),
(6453, 'SLK-Class', 48, 2010),
(6454, 'Sprinter', 48, 2010),
(6459, 'Clubman', 52, 2010),
(6460, 'Cooper', 52, 2010),
(6461, 'Cooper Clubman', 52, 2010),
(6462, 'Eclipse', 53, 2010),
(6463, 'Endeavor', 53, 2010),
(6464, 'Galant', 53, 2010),
(6465, 'Lancer', 53, 2010),
(6466, 'Lancer Evolution', 53, 2010),
(6467, 'Outlander', 53, 2010),
(6468, '370Z', 55, 2010),
(6469, 'Altima', 55, 2010),
(6470, 'Armada', 55, 2010),
(6471, 'Cube', 55, 2010),
(6472, 'Frontier', 55, 2010),
(6473, 'GT-R', 55, 2010),
(6474, 'Maxima', 55, 2010),
(6475, 'Murano', 55, 2010),
(6476, 'Pathfinder', 55, 2010),
(6477, 'Rogue', 55, 2010),
(6478, 'Sentra', 55, 2010),
(6479, 'Titan', 55, 2010),
(6480, 'Versa', 55, 2010),
(6481, 'Xterra', 55, 2010),
(6485, '911', 61, 2010),
(6486, 'Boxster', 61, 2010),
(6487, 'Cayenne', 61, 2010),
(6488, 'Cayman', 61, 2010),
(6489, 'Panamera', 61, 2010),
(6506, 'Equator', 75, 2010),
(6507, 'Grand Vitara', 75, 2010),
(6508, 'Kizashi', 75, 2010),
(6509, 'SX4', 75, 2010),
(6510, 'Roadster', 76, 2010),
(6511, '4Runner', 77, 2010),
(6512, 'Avalon', 77, 2010),
(6513, 'Camry', 77, 2010),
(6514, 'Camry Hybrid', 77, 2010),
(6515, 'Corolla', 77, 2010),
(6516, 'FJ Cruiser', 77, 2010),
(6517, 'Highlander', 77, 2010),
(6518, 'Land Cruiser', 77, 2010),
(6519, 'Matrix', 77, 2010),
(6520, 'Prius', 77, 2010),
(6521, 'RAV4', 77, 2010),
(6522, 'Sequoia', 77, 2010),
(6523, 'Sienna', 77, 2010),
(6524, 'Tacoma', 77, 2010),
(6525, 'Tundra', 77, 2010),
(6526, 'TundraMax', 77, 2010),
(6527, 'Venza', 77, 2010),
(6528, 'Yaris', 77, 2010),
(6529, 'CC', 78, 2010),
(6530, 'Eos', 78, 2010),
(6531, 'Golf', 78, 2010),
(6532, 'GTI', 78, 2010),
(6533, 'Jetta', 78, 2010),
(6534, 'New Beetle', 78, 2010),
(6535, 'Passat', 78, 2010),
(6536, 'Rabbit', 78, 2010),
(6537, 'Routan', 78, 2010),
(6538, 'Tiguan', 78, 2010),
(6539, 'Touareg', 78, 2010),
(6540, 'C30', 79, 2010),
(6541, 'C70', 79, 2010),
(6542, 'S40', 79, 2010),
(6543, 'S60', 79, 2010),
(6544, 'S80', 79, 2010),
(6545, 'V50', 79, 2010),
(6546, 'V70', 79, 2010),
(6547, 'XC60', 79, 2010),
(6548, 'XC70', 79, 2010),
(6549, 'XC90', 79, 2010),
(6564, 'A3', 5, 2011),
(6565, 'A4', 5, 2011),
(6566, 'A5', 5, 2011),
(6567, 'A6', 5, 2011),
(6568, 'A8', 5, 2011),
(6569, 'Q5', 5, 2011),
(6570, 'Q7', 5, 2011),
(6571, 'R8', 5, 2011),
(6572, 'S4', 5, 2011),
(6573, 'S5', 5, 2011),
(6574, 'S6', 5, 2011),
(6575, 'TT', 5, 2011),
(6581, '1 Series', 8, 2011),
(6582, '3 Series', 8, 2011),
(6583, '5 Series', 8, 2011),
(6584, '7 Series', 8, 2011),
(6585, 'M3', 8, 2011),
(6586, 'X3', 8, 2011),
(6587, 'X5', 8, 2011),
(6588, 'X5 M', 8, 2011),
(6589, 'X6', 8, 2011),
(6590, 'X6 M', 8, 2011),
(6591, 'Z4', 8, 2011),
(6605, 'Avalanche', 12, 2011),
(6606, 'Aveo', 12, 2011),
(6607, 'Camaro', 12, 2011),
(6608, 'Colorado', 12, 2011),
(6609, 'Corvette', 12, 2011),
(6610, 'Cruze', 12, 2011),
(6611, 'Equinox', 12, 2011),
(6612, 'Express', 12, 2011),
(6613, 'Express 1500', 12, 2011),
(6614, 'Express 2500', 12, 2011),
(6615, 'Express 3500', 12, 2011),
(6616, 'HHR', 12, 2011),
(6617, 'Impala', 12, 2011),
(6618, 'Malibu', 12, 2011),
(6619, 'Silverado', 12, 2011),
(6620, 'Silverado 1500', 12, 2011),
(6621, 'Silverado 2500', 12, 2011),
(6622, 'Silverado 3500', 12, 2011),
(6623, 'Suburban', 12, 2011),
(6624, 'Suburban 1500', 12, 2011),
(6625, 'Suburban 2500', 12, 2011),
(6626, 'Tahoe', 12, 2011),
(6627, 'Traverse', 12, 2011),
(6628, 'Volt', 12, 2011),
(6644, 'Crown Victoria', 25, 2011),
(6645, 'E-Series', 25, 2011),
(6646, 'E150', 25, 2011),
(6647, 'E250', 25, 2011),
(6648, 'E350', 25, 2011),
(6649, 'Edge', 25, 2011),
(6650, 'Escape', 25, 2011),
(6651, 'Expedition', 25, 2011),
(6652, 'Expedition EL', 25, 2011),
(6653, 'Explorer', 25, 2011),
(6654, 'F-Series', 25, 2011),
(6655, 'F-Series Super Duty', 25, 2011),
(6656, 'F150', 25, 2011),
(6657, 'F250', 25, 2011),
(6658, 'F350', 25, 2011),
(6659, 'F450', 25, 2011),
(6660, 'Fiesta', 25, 2011),
(6661, 'Flex', 25, 2011),
(6662, 'Focus', 25, 2011),
(6663, 'Fusion', 25, 2011),
(6664, 'Mustang', 25, 2011),
(6665, 'Ranger', 25, 2011),
(6666, 'Taurus', 25, 2011),
(6667, 'Transit Connect', 25, 2011),
(6668, 'Acadia', 27, 2011),
(6669, 'Canyon', 27, 2011),
(6670, 'Savana', 27, 2011),
(6671, 'Savana 1500', 27, 2011),
(6672, 'Savana 2500', 27, 2011),
(6673, 'Savana 3500', 27, 2011),
(6674, 'Sierra', 27, 2011),
(6675, 'Sierra 1500', 27, 2011),
(6676, 'Sierra 2500', 27, 2011),
(6677, 'Sierra 3500', 27, 2011),
(6678, 'Terrain', 27, 2011),
(6679, 'Yukon', 27, 2011),
(6680, 'Yukon XL 1500', 27, 2011),
(6681, 'Yukon XL 2500', 27, 2011),
(6682, 'Accord', 30, 2011),
(6683, 'Accord Crosstour', 30, 2011),
(6684, 'Civic', 30, 2011),
(6685, 'CR-V', 30, 2011),
(6686, 'CR-Z', 30, 2011),
(6687, 'Element', 30, 2011),
(6688, 'Fit', 30, 2011),
(6689, 'Insight', 30, 2011),
(6690, 'Odyssey', 30, 2011),
(6691, 'Pilot', 30, 2011),
(6692, 'Ridgeline', 30, 2011),
(6693, 'Accent', 32, 2011),
(6694, 'Azera', 32, 2011),
(6695, 'Elantra', 32, 2011),
(6696, 'Equus', 32, 2011),
(6697, 'Genesis', 32, 2011),
(6698, 'Genesis Coupe', 32, 2011),
(6699, 'Santa Fe', 32, 2011),
(6700, 'Sonata', 32, 2011),
(6701, 'Tucson', 32, 2011),
(6702, 'Veracruz', 32, 2011),
(6712, 'XF', 35, 2011),
(6713, 'XJ', 35, 2011),
(6714, 'XK', 35, 2011),
(6715, 'Compass', 36, 2011),
(6716, 'Grand Cherokee', 36, 2011),
(6717, 'Liberty', 36, 2011),
(6718, 'Patriot', 36, 2011),
(6719, 'Wrangler', 36, 2011),
(6720, 'Forte', 38, 2011),
(6721, 'Optima', 38, 2011),
(6722, 'Rio', 38, 2011),
(6723, 'Sedona', 38, 2011),
(6724, 'Sorento', 38, 2011),
(6725, 'Soul', 38, 2011),
(6726, 'Sportage', 38, 2011),
(6762, 'CX-7', 46, 2011),
(6763, 'CX-9', 46, 2011),
(6764, 'Mazda2', 46, 2011),
(6765, 'Mazda3', 46, 2011),
(6766, 'Mazda6', 46, 2011),
(6767, 'Mazdaspeed 3', 46, 2011),
(6768, 'Miata MX-5', 46, 2011),
(6769, 'MX-5', 46, 2011),
(6770, 'RX-8', 46, 2011),
(6771, 'Tribute', 46, 2011),
(6772, 'C-Class', 48, 2011),
(6773, 'CL-Class', 48, 2011),
(6774, 'CLS-Class', 48, 2011),
(6775, 'E-Class', 48, 2011),
(6776, 'G-Class', 48, 2011),
(6777, 'GL-Class', 48, 2011),
(6778, 'GLK-Class', 48, 2011),
(6779, 'M-Class', 48, 2011),
(6780, 'R-Class', 48, 2011),
(6781, 'S-Class', 48, 2011),
(6782, 'SL-Class', 48, 2011),
(6783, 'SLK-Class', 48, 2011),
(6784, 'SLS AMG', 48, 2011),
(6785, 'SLS-Class', 48, 2011),
(6786, 'Sprinter', 48, 2011),
(6787, 'Sprinter 2500', 48, 2011),
(6788, 'Sprinter 3500', 48, 2011),
(6792, 'Clubman', 52, 2011),
(6793, 'Cooper', 52, 2011),
(6794, 'Cooper Clubman', 52, 2011),
(6795, 'Cooper Countryman', 52, 2011),
(6796, 'Countryman', 52, 2011),
(6797, 'Eclipse', 53, 2011),
(6798, 'Endeavor', 53, 2011),
(6799, 'Galant', 53, 2011),
(6800, 'Lancer', 53, 2011),
(6801, 'Lancer Evolution', 53, 2011),
(6802, 'Outlander', 53, 2011),
(6803, 'Outlander Sport', 53, 2011),
(6804, '370Z', 55, 2011),
(6805, 'Altima', 55, 2011),
(6806, 'Armada', 55, 2011),
(6807, 'Cube', 55, 2011),
(6808, 'Frontier', 55, 2011),
(6809, 'GT-R', 55, 2011),
(6810, 'JUKE', 55, 2011),
(6811, 'Leaf', 55, 2011),
(6812, 'Maxima', 55, 2011),
(6813, 'Murano', 55, 2011),
(6814, 'Pathfinder', 55, 2011),
(6815, 'Quest', 55, 2011),
(6816, 'Rogue', 55, 2011),
(6817, 'Sentra', 55, 2011),
(6818, 'Titan', 55, 2011),
(6819, 'Versa', 55, 2011),
(6820, 'Xterra', 55, 2011),
(6821, '911', 61, 2011),
(6822, 'Boxster', 61, 2011),
(6823, 'Cayenne', 61, 2011),
(6824, 'Cayman', 61, 2011),
(6825, 'Panamera', 61, 2011),
(6845, 'Equator', 75, 2011),
(6846, 'Grand Vitara', 75, 2011),
(6847, 'Kizashi', 75, 2011),
(6848, 'SX4', 75, 2011),
(6849, 'Roadster', 76, 2011),
(6850, '4Runner', 77, 2011),
(6851, 'Avalon', 77, 2011),
(6852, 'Camry', 77, 2011),
(6853, 'Camry Hybrid', 77, 2011),
(6854, 'Corolla', 77, 2011),
(6855, 'FJ Cruiser', 77, 2011),
(6856, 'Highlander', 77, 2011),
(6857, 'Land Cruiser', 77, 2011),
(6858, 'Matrix', 77, 2011),
(6859, 'Prius', 77, 2011),
(6860, 'RAV4', 77, 2011),
(6861, 'Sequoia', 77, 2011),
(6862, 'Sienna', 77, 2011),
(6863, 'Tacoma', 77, 2011),
(6864, 'Tundra', 77, 2011),
(6865, 'TundraMax', 77, 2011),
(6866, 'Venza', 77, 2011),
(6867, 'Yaris', 77, 2011),
(6868, 'CC', 78, 2011),
(6869, 'Eos', 78, 2011),
(6870, 'Golf', 78, 2011),
(6871, 'GTI', 78, 2011),
(6872, 'Jetta', 78, 2011),
(6873, 'Routan', 78, 2011),
(6874, 'Tiguan', 78, 2011),
(6875, 'Touareg', 78, 2011),
(6876, 'C30', 79, 2011),
(6877, 'C70', 79, 2011),
(6878, 'S40', 79, 2011),
(6879, 'S60', 79, 2011),
(6880, 'S80', 79, 2011),
(6881, 'V50', 79, 2011),
(6882, 'XC60', 79, 2011),
(6883, 'XC70', 79, 2011),
(6884, 'XC90', 79, 2011),
(6898, 'A3', 5, 2012),
(6899, 'A4', 5, 2012),
(6900, 'A5', 5, 2012),
(6901, 'A6', 5, 2012),
(6902, 'A7', 5, 2012),
(6903, 'A8', 5, 2012),
(6904, 'Q5', 5, 2012),
(6905, 'Q7', 5, 2012),
(6906, 'R8', 5, 2012),
(6907, 'S4', 5, 2012),
(6908, 'S5', 5, 2012),
(6909, 'TT', 5, 2012),
(6916, '1 Series', 8, 2012),
(6917, '3 Series', 8, 2012),
(6918, '5 Series', 8, 2012),
(6919, '6 Series', 8, 2012),
(6920, '7 Series', 8, 2012),
(6921, 'M3', 8, 2012),
(6922, 'X3', 8, 2012),
(6923, 'X5', 8, 2012),
(6924, 'X5 M', 8, 2012),
(6925, 'X6', 8, 2012),
(6926, 'X6 M', 8, 2012),
(6927, 'Z4', 8, 2012),
(6938, 'Avalanche', 12, 2012),
(6939, 'Camaro', 12, 2012),
(6940, 'Colorado', 12, 2012),
(6941, 'Corvette', 12, 2012),
(6942, 'Cruze', 12, 2012),
(6943, 'Equinox', 12, 2012),
(6944, 'Express', 12, 2012),
(6945, 'Express 1500', 12, 2012),
(6946, 'Express 2500', 12, 2012),
(6947, 'Express 3500', 12, 2012),
(6948, 'Impala', 12, 2012),
(6949, 'Malibu', 12, 2012),
(6950, 'Silverado 1500', 12, 2012),
(6951, 'Silverado 2500', 12, 2012),
(6952, 'Silverado 3500', 12, 2012),
(6953, 'Sonic', 12, 2012),
(6954, 'Suburban 1500', 12, 2012),
(6955, 'Suburban 2500', 12, 2012),
(6956, 'Tahoe', 12, 2012),
(6957, 'Traverse', 12, 2012),
(6958, 'Volt', 12, 2012),
(6974, 'E-Series', 25, 2012),
(6975, 'E150', 25, 2012),
(6976, 'E250', 25, 2012),
(6977, 'E350', 25, 2012),
(6978, 'Edge', 25, 2012),
(6979, 'Escape', 25, 2012),
(6980, 'Expedition', 25, 2012),
(6981, 'Expedition EL', 25, 2012),
(6982, 'Explorer', 25, 2012),
(6983, 'F-Series Super Duty', 25, 2012),
(6984, 'F150', 25, 2012),
(6985, 'F250', 25, 2012),
(6986, 'F350', 25, 2012),
(6987, 'F450', 25, 2012),
(6988, 'Fiesta', 25, 2012),
(6989, 'Flex', 25, 2012),
(6990, 'Focus', 25, 2012),
(6991, 'Fusion', 25, 2012),
(6992, 'Mustang', 25, 2012),
(6993, 'Taurus', 25, 2012),
(6994, 'Transit Connect', 25, 2012),
(6995, 'Acadia', 27, 2012),
(6996, 'Canyon', 27, 2012),
(6997, 'Savana', 27, 2012),
(6998, 'Savana 1500', 27, 2012),
(6999, 'Savana 2500', 27, 2012),
(7000, 'Savana 3500', 27, 2012),
(7001, 'Sierra', 27, 2012),
(7002, 'Sierra 1500', 27, 2012),
(7003, 'Sierra 2500', 27, 2012),
(7004, 'Sierra 3500', 27, 2012),
(7005, 'Terrain', 27, 2012),
(7006, 'Yukon', 27, 2012),
(7007, 'Yukon XL 1500', 27, 2012),
(7008, 'Yukon XL 2500', 27, 2012),
(7009, 'Accord', 30, 2012),
(7010, 'Civic', 30, 2012),
(7011, 'CR-V', 30, 2012),
(7012, 'CR-Z', 30, 2012),
(7013, 'Crosstour', 30, 2012),
(7014, 'FCX Clarity', 30, 2012),
(7015, 'Fit', 30, 2012),
(7016, 'Insight', 30, 2012),
(7017, 'Odyssey', 30, 2012),
(7018, 'Pilot', 30, 2012),
(7019, 'Ridgeline', 30, 2012),
(7020, 'Accent', 32, 2012),
(7021, 'Azera', 32, 2012),
(7022, 'Elantra', 32, 2012),
(7023, 'Equus', 32, 2012),
(7024, 'Genesis', 32, 2012),
(7025, 'HED-5', 32, 2012),
(7026, 'Santa Fe', 32, 2012),
(7027, 'Sonata', 32, 2012),
(7028, 'Tucson', 32, 2012),
(7029, 'Veloster', 32, 2012),
(7030, 'Veracruz', 32, 2012),
(7040, 'XF', 35, 2012),
(7041, 'XJ', 35, 2012),
(7042, 'XK', 35, 2012),
(7043, 'Compass', 36, 2012),
(7044, 'Grand Cherokee', 36, 2012),
(7045, 'Liberty', 36, 2012),
(7046, 'Patriot', 36, 2012),
(7047, 'Wrangler', 36, 2012),
(7048, 'Forte', 38, 2012),
(7049, 'Optima', 38, 2012),
(7050, 'Rio', 38, 2012),
(7051, 'Sedona', 38, 2012),
(7052, 'Sorento', 38, 2012),
(7053, 'Soul', 38, 2012),
(7054, 'Sportage', 38, 2012),
(7087, 'CX-7', 46, 2012),
(7088, 'CX-9', 46, 2012),
(7089, 'Mazda2', 46, 2012),
(7090, 'Mazda3', 46, 2012),
(7091, 'Mazda5', 46, 2012),
(7092, 'Mazda6', 46, 2012),
(7093, 'Mazdaspeed 3', 46, 2012),
(7094, 'Miata MX-5', 46, 2012),
(7095, 'MX-5', 46, 2012),
(7097, 'C-Class', 48, 2012),
(7098, 'CL-Class', 48, 2012),
(7099, 'CLS-Class', 48, 2012),
(7100, 'E-Class', 48, 2012),
(7101, 'G-Class', 48, 2012),
(7102, 'GL-Class', 48, 2012),
(7103, 'GLK-Class', 48, 2012),
(7104, 'M-Class', 48, 2012),
(7105, 'R-Class', 48, 2012),
(7106, 'S-Class', 48, 2012),
(7107, 'SL-Class', 48, 2012),
(7108, 'SLK-Class', 48, 2012),
(7109, 'SLS AMG', 48, 2012),
(7110, 'SLS-Class', 48, 2012),
(7111, 'Sprinter 2500', 48, 2012),
(7112, 'Sprinter 3500', 48, 2012),
(7113, 'Clubman', 52, 2012),
(7114, 'Cooper', 52, 2012),
(7115, 'Cooper Clubman', 52, 2012),
(7116, 'Cooper Countryman', 52, 2012),
(7117, 'Countryman', 52, 2012),
(7118, 'Eclipse', 53, 2012),
(7119, 'Galant', 53, 2012),
(7120, 'i-MiEV', 53, 2012),
(7121, 'Lancer', 53, 2012),
(7122, 'Outlander', 53, 2012),
(7123, 'Outlander Sport', 53, 2012),
(7124, '370Z', 55, 2012),
(7125, 'Altima', 55, 2012),
(7126, 'Armada', 55, 2012),
(7127, 'cube', 55, 2012),
(7128, 'Frontier', 55, 2012),
(7129, 'GT-R', 55, 2012),
(7130, 'JUKE', 55, 2012),
(7131, 'Leaf', 55, 2012),
(7132, 'Maxima', 55, 2012),
(7133, 'Murano', 55, 2012),
(7134, 'NV1500', 55, 2012),
(7135, 'NV2500', 55, 2012),
(7136, 'NV3500', 55, 2012),
(7137, 'Pathfinder', 55, 2012),
(7138, 'Quest', 55, 2012),
(7139, 'Rogue', 55, 2012),
(7140, 'Sentra', 55, 2012),
(7141, 'Titan', 55, 2012),
(7142, 'Versa', 55, 2012),
(7143, 'Xterra', 55, 2012),
(7144, '911', 61, 2012),
(7145, 'Boxster', 61, 2012),
(7146, 'Cayenne', 61, 2012),
(7147, 'Cayman', 61, 2012),
(7148, 'Panamera', 61, 2012),
(7166, 'Equator', 75, 2012),
(7167, 'Grand Vitara', 75, 2012),
(7168, 'Kizashi', 75, 2012),
(7169, 'SX4', 75, 2012),
(7170, 'Model S', 76, 2012),
(7171, 'Roadster', 76, 2012),
(7172, '4Runner', 77, 2012),
(7173, 'Avalon', 77, 2012),
(7174, 'Camry', 77, 2012),
(7175, 'Camry Hybrid', 77, 2012),
(7176, 'Corolla', 77, 2012),
(7177, 'FJ Cruiser', 77, 2012),
(7178, 'Highlander', 77, 2012),
(7179, 'Matrix', 77, 2012),
(7180, 'Prius', 77, 2012),
(7181, 'Prius c', 77, 2012),
(7182, 'Prius Plug-in', 77, 2012),
(7183, 'Prius Plug-in Hybrid', 77, 2012),
(7184, 'Prius v', 77, 2012),
(7185, 'RAV4', 77, 2012),
(7186, 'Sequoia', 77, 2012),
(7187, 'Sienna', 77, 2012),
(7188, 'Tacoma', 77, 2012),
(7189, 'Tundra', 77, 2012),
(7190, 'TundraMax', 77, 2012),
(7191, 'Venza', 77, 2012),
(7192, 'Yaris', 77, 2012),
(7193, 'CC', 78, 2012),
(7194, 'Eos', 78, 2012),
(7195, 'Golf', 78, 2012),
(7196, 'GTI', 78, 2012),
(7197, 'Jetta', 78, 2012),
(7198, 'New Beetle', 78, 2012),
(7199, 'Passat', 78, 2012),
(7200, 'Routan', 78, 2012),
(7201, 'Tiguan', 78, 2012),
(7202, 'Touareg', 78, 2012),
(7203, 'C30', 79, 2012),
(7204, 'C70', 79, 2012),
(7205, 'S60', 79, 2012),
(7206, 'S80', 79, 2012),
(7207, 'XC60', 79, 2012),
(7208, 'XC70', 79, 2012),
(7209, 'XC90', 79, 2012),
(7210, 'S4', 5, 2013),
(7211, 'X5', 8, 2013),
(7212, 'X5 M', 8, 2013),
(7213, 'X6', 8, 2013),
(7214, 'X6 M', 8, 2013),
(7215, 'Cruze', 12, 2013),
(7216, 'Malibu', 12, 2013),
(7217, 'Tahoe', 12, 2013),
(7218, 'C-MAX Hybrid', 25, 2013),
(7219, 'Edge', 25, 2013),
(7220, 'Escape', 25, 2013),
(7221, 'Explorer', 25, 2013),
(7222, 'Fiesta', 25, 2013),
(7223, 'Flex', 25, 2013),
(7224, 'Focus', 25, 2013),
(7225, 'Focus ST', 25, 2013),
(7226, 'Fusion', 25, 2013),
(7227, 'Mustang', 25, 2013),
(7228, 'Taurus', 25, 2013),
(7229, 'Transit Connect', 25, 2013),
(7230, 'Sierra 1500', 27, 2013),
(7231, 'Yukon', 27, 2013),
(7232, 'Yukon XL 1500', 27, 2013),
(7233, 'Yukon XL 2500', 27, 2013),
(7234, 'Accent', 32, 2013),
(7235, 'Elantra', 32, 2013),
(7236, 'Equus', 32, 2013),
(7237, 'Genesis Coupe', 32, 2013),
(7238, 'Sonata', 32, 2013),
(7239, 'Veloster', 32, 2013),
(7241, 'XK Series', 35, 2013),
(7242, 'Rio', 38, 2013),
(7243, 'Sorento', 38, 2013),
(7250, 'CX-5', 46, 2013),
(7251, 'MAZDA6', 46, 2013),
(7252, 'Altima', 55, 2013),
(7253, 'GT-R', 55, 2013),
(7254, '911', 61, 2013),
(7255, 'Boxster', 61, 2013),
(7256, 'Cayenne', 61, 2013),
(7257, 'Panamera', 61, 2013),
(7262, 'Land Cruiser', 77, 2013),
(7263, 'Venza', 77, 2013),
(7264, 'CC', 78, 2013),
(7265, 'C30', 79, 2013),
(7266, 'C70', 79, 2013),
(7267, 'S60', 79, 2013),
(7268, 'XC90', 79, 2013);

-- --------------------------------------------------------

--
-- Tablo için tablo yapısı `repairplace`
--

CREATE TABLE `repairplace` (
  `id` int(11) NOT NULL,
  `place` varchar(100) NOT NULL,
  `monthlyCapacity` int(11) NOT NULL DEFAULT 10
) ENGINE=InnoDB DEFAULT CHARSET=utf8;

--
-- Tablo döküm verisi `repairplace`
--

INSERT INTO `repairplace` (`id`, `place`, `monthlyCapacity`) VALUES
(1, 'İstanbul (Başakşehir)', 10),
(2, 'İstanbul (Bahçelievler)', 10),
(3, 'İstanbul (Pendik)', 10),
(4, 'İstanbul (Üsküdar)', 10),
(5, 'İstanbul (Kadıköy)', 10),
(6, 'İstanbul (Sarıyer)', 10),
(7, 'Kocaeli (Gebze)', 10),
(8, 'Kocaeli (Gölcük)', 10),
(9, 'Kocaeli (Darıca)', 10),
(10, 'Kocaeli (Çayırova)', 10);

-- --------------------------------------------------------

--
-- Tablo için tablo yapısı `repairtype`
--

CREATE TABLE `repairtype` (
  `id` int(11) NOT NULL,
  `type` varchar(50) NOT NULL
) ENGINE=InnoDB DEFAULT CHARSET=utf8;

--
-- Tablo döküm verisi `repairtype`
--

INSERT INTO `repairtype` (`id`, `type`) VALUES
(1, '4 Lastik Değişimi'),
(2, 'ABS Beyni Tamiri'),
(3, 'Akü Değişimi'),
(4, 'Alternatör Değişimi'),
(5, 'Arka Çamurluk Değişimi'),
(6, 'Bagaj Kapağı Boya'),
(7, 'Boyasız Göçük Düzeltme'),
(8, 'Cam Yıkama Motoru Değişimi'),
(9, 'Deri Döşeme Tamiri'),
(10, 'Hız Göstergesi Tamiri');

-- --------------------------------------------------------

--
-- Tablo için tablo yapısı `repairtypeandplace`
--

CREATE TABLE `repairtypeandplace` (
  `id` int(11) NOT NULL,
  `type_id` int(11) NOT NULL,
  `place_id` int(11) NOT NULL
) ENGINE=InnoDB DEFAULT CHARSET=utf8;

--
-- Tablo döküm verisi `repairtypeandplace`
--

INSERT INTO `repairtypeandplace` (`id`, `type_id`, `place_id`) VALUES
(1, 1, 9),
(2, 1, 7),
(3, 2, 9),
(4, 2, 10),
(5, 3, 3),
(6, 3, 4),
(7, 4, 7),
(8, 6, 8),
(9, 9, 5),
(10, 5, 4),
(11, 8, 5),
(12, 9, 4),
(13, 6, 3),
(14, 7, 3),
(15, 8, 4),
(16, 7, 8),
(17, 2, 1),
(18, 6, 4),
(19, 5, 8),
(20, 9, 8),
(21, 4, 6),
(22, 10, 10),
(23, 8, 1),
(24, 9, 6),
(25, 8, 7),
(26, 2, 2),
(27, 2, 5),
(28, 6, 9),
(29, 1, 3),
(30, 8, 3),
(32, 4, 5),
(33, 7, 2),
(34, 8, 9),
(35, 7, 6),
(36, 2, 4),
(37, 8, 8),
(38, 5, 9),
(39, 9, 9),
(40, 3, 5),
(41, 3, 7),
(42, 5, 7),
(43, 5, 6),
(44, 5, 5),
(45, 4, 2);

-- --------------------------------------------------------

--
-- Tablo için tablo yapısı `services`
--

CREATE TABLE `services` (
  `id` int(11) NOT NULL,
  `code` varchar(10) NOT NULL,
  `userId` int(11) NOT NULL,
  `carId` int(11) NOT NULL,
  `carModelId` int(11) NOT NULL,
  `repairTypeId` int(11) NOT NULL,
  `repairPlaceId` int(11) NOT NULL,
  `repairDate` timestamp NOT NULL DEFAULT current_timestamp(),
  `repairCompleteDate` timestamp NULL DEFAULT NULL,
  `createdDate` timestamp NOT NULL DEFAULT current_timestamp()
) ENGINE=InnoDB DEFAULT CHARSET=utf8;

--
-- Tablo döküm verisi `services`
--

INSERT INTO `services` (`id`, `code`, `userId`, `carId`, `carModelId`, `repairTypeId`, `repairPlaceId`, `repairDate`, `repairCompleteDate`, `createdDate`) VALUES
(1, 'C805028707', 1, 8, 1564, 3, 6, '2021-06-22 12:30:00', '2021-06-23 20:27:30', '2021-06-20 00:18:57'),
(3, 'EEE1E28A58', 2, 14, 3, 4, 7, '2021-06-24 06:30:00', '2021-06-26 20:27:50', '2021-06-20 00:29:45'),
(4, '03BE70F8E0', 2, 14, 3, 4, 7, '2021-06-24 06:00:00', '2021-06-29 20:27:57', '2021-06-20 00:37:02');

-- --------------------------------------------------------

--
-- Tablo için tablo yapısı `users`
--

CREATE TABLE `users` (
  `userId` int(11) NOT NULL,
  `userFullName` varchar(75) NOT NULL,
  `createdDate` timestamp NOT NULL DEFAULT current_timestamp()
) ENGINE=InnoDB DEFAULT CHARSET=utf8;

--
-- Tablo döküm verisi `users`
--

INSERT INTO `users` (`userId`, `userFullName`, `createdDate`) VALUES
(1, 'Sinan Avcı', '2021-06-20 00:18:57'),
(2, 'Avcı', '2021-06-20 00:29:05');

--
-- Dökümü yapılmış tablolar için indeksler
--

--
-- Tablo için indeksler `cars`
--
ALTER TABLE `cars`
  ADD PRIMARY KEY (`id`);

--
-- Tablo için indeksler `models`
--
ALTER TABLE `models`
  ADD PRIMARY KEY (`id`),
  ADD KEY `carId` (`carId`);

--
-- Tablo için indeksler `repairplace`
--
ALTER TABLE `repairplace`
  ADD PRIMARY KEY (`id`);

--
-- Tablo için indeksler `repairtype`
--
ALTER TABLE `repairtype`
  ADD PRIMARY KEY (`id`);

--
-- Tablo için indeksler `repairtypeandplace`
--
ALTER TABLE `repairtypeandplace`
  ADD PRIMARY KEY (`id`),
  ADD KEY `place_id` (`place_id`),
  ADD KEY `type_id` (`type_id`);

--
-- Tablo için indeksler `services`
--
ALTER TABLE `services`
  ADD PRIMARY KEY (`id`),
  ADD KEY `userId` (`userId`),
  ADD KEY `carId` (`carId`),
  ADD KEY `repairPlaceId` (`repairPlaceId`),
  ADD KEY `repairTypeId` (`repairTypeId`);

--
-- Tablo için indeksler `users`
--
ALTER TABLE `users`
  ADD PRIMARY KEY (`userId`);

--
-- Dökümü yapılmış tablolar için AUTO_INCREMENT değeri
--

--
-- Tablo için AUTO_INCREMENT değeri `cars`
--
ALTER TABLE `cars`
  MODIFY `id` int(11) NOT NULL AUTO_INCREMENT, AUTO_INCREMENT=80;

--
-- Tablo için AUTO_INCREMENT değeri `models`
--
ALTER TABLE `models`
  MODIFY `id` int(11) NOT NULL AUTO_INCREMENT, AUTO_INCREMENT=7269;

--
-- Tablo için AUTO_INCREMENT değeri `repairplace`
--
ALTER TABLE `repairplace`
  MODIFY `id` int(11) NOT NULL AUTO_INCREMENT, AUTO_INCREMENT=11;

--
-- Tablo için AUTO_INCREMENT değeri `repairtype`
--
ALTER TABLE `repairtype`
  MODIFY `id` int(11) NOT NULL AUTO_INCREMENT, AUTO_INCREMENT=11;

--
-- Tablo için AUTO_INCREMENT değeri `repairtypeandplace`
--
ALTER TABLE `repairtypeandplace`
  MODIFY `id` int(11) NOT NULL AUTO_INCREMENT, AUTO_INCREMENT=46;

--
-- Tablo için AUTO_INCREMENT değeri `services`
--
ALTER TABLE `services`
  MODIFY `id` int(11) NOT NULL AUTO_INCREMENT, AUTO_INCREMENT=11;

--
-- Tablo için AUTO_INCREMENT değeri `users`
--
ALTER TABLE `users`
  MODIFY `userId` int(11) NOT NULL AUTO_INCREMENT, AUTO_INCREMENT=3;

--
-- Dökümü yapılmış tablolar için kısıtlamalar
--

--
-- Tablo kısıtlamaları `models`
--
ALTER TABLE `models`
  ADD CONSTRAINT `models_ibfk_1` FOREIGN KEY (`carId`) REFERENCES `cars` (`id`) ON DELETE CASCADE;

--
-- Tablo kısıtlamaları `repairtypeandplace`
--
ALTER TABLE `repairtypeandplace`
  ADD CONSTRAINT `repairtypeandplace_ibfk_1` FOREIGN KEY (`place_id`) REFERENCES `repairplace` (`id`) ON DELETE CASCADE ON UPDATE CASCADE,
  ADD CONSTRAINT `repairtypeandplace_ibfk_2` FOREIGN KEY (`type_id`) REFERENCES `repairtype` (`id`) ON DELETE CASCADE ON UPDATE CASCADE;

--
-- Tablo kısıtlamaları `services`
--
ALTER TABLE `services`
  ADD CONSTRAINT `services_ibfk_1` FOREIGN KEY (`userId`) REFERENCES `users` (`userId`) ON DELETE CASCADE ON UPDATE CASCADE,
  ADD CONSTRAINT `services_ibfk_2` FOREIGN KEY (`carId`) REFERENCES `cars` (`id`) ON DELETE CASCADE ON UPDATE CASCADE,
  ADD CONSTRAINT `services_ibfk_3` FOREIGN KEY (`repairPlaceId`) REFERENCES `repairplace` (`id`) ON DELETE CASCADE ON UPDATE CASCADE,
  ADD CONSTRAINT `services_ibfk_4` FOREIGN KEY (`repairTypeId`) REFERENCES `repairtype` (`id`) ON DELETE CASCADE ON UPDATE CASCADE;
COMMIT;

/*!40101 SET CHARACTER_SET_CLIENT=@OLD_CHARACTER_SET_CLIENT */;
/*!40101 SET CHARACTER_SET_RESULTS=@OLD_CHARACTER_SET_RESULTS */;
/*!40101 SET COLLATION_CONNECTION=@OLD_COLLATION_CONNECTION */;
